Proportional trie_normalizer for th/orchid: |D| = 34681
Objective: F17+Trie(w=0.0005)
Dataset: /home/dev/hyph-bench/data/th/orchid/orchid.wlh
Split counts: train=27744, validation=3468, test=3469
Pattern ranges: [(1, 4), (2, 5), (2, 6), (2, 7)]
Search space (8-D): per-level weight in ('1/5', '1/4', '1/3', '1/2', '1', '2', '3', '4', '5', '6', '7', '8', '9', '10', '11', '12', '13', '14', '15', '16', '17', '18', '19', '20', '21', '22', '23', '24', '25', '26', '27', '28', '29', '30'); per-level threshold in [1,42]
Budget: 30 iterations x batch 5 = 150 evaluations

============================================================
Iteration 1/30
  Tested: weights=('24', '12', '11', '1/3'), thresholds=(37, 7, 21, 9)
  validation: F_1/7=0.977105, good=14898, bad=237, missed=5841, trie_nodes=2939, objective=0.977063
  Tested: weights=('1/4', '17', '29', '8'), thresholds=(22, 25, 27, 42)
  validation: F_1/7=0.813915, good=20245, bad=4713, missed=494, trie_nodes=2273, objective=0.813882
  Tested: weights=('7', '20', '20', '1/3'), thresholds=(22, 2, 24, 30)
  validation: F_1/7=0.969500, good=16154, bad=425, missed=4585, trie_nodes=3376, objective=0.969451
  Tested: weights=('14', '1/2', '21', '10'), thresholds=(9, 26, 2, 20)
  validation: F_1/7=0.966055, good=18809, bad=635, missed=1930, trie_nodes=16957, objective=0.965811
  Tested: weights=('25', '11', '4', '17'), thresholds=(39, 19, 23, 11)
  validation: F_1/7=0.960742, good=16589, bad=607, missed=4150, trie_nodes=2561, objective=0.960705
  Best so far: weights=('24', '12', '11', '1/3'), thresholds=(37, 7, 21, 9), score=0.977063, elapsed=17.7s

============================================================
Iteration 2/30
  Tested: weights=('1', '1/5', '11', '22'), thresholds=(3, 40, 41, 42)
  validation: F_1/7=0.948467, good=15969, bad=788, missed=4770, trie_nodes=4474, objective=0.948403
  Tested: weights=('7', '30', '15', '2'), thresholds=(38, 42, 28, 1)
  validation: F_1/7=0.976362, good=15345, bad=269, missed=5394, trie_nodes=5854, objective=0.976278
  Tested: weights=('11', '1/4', '27', '5'), thresholds=(10, 25, 5, 14)
  validation: F_1/7=0.972058, good=17938, bad=469, missed=2801, trie_nodes=7964, objective=0.971943
  Tested: weights=('27', '20', '1/2', '22'), thresholds=(42, 10, 41, 42)
  validation: F_1/7=0.847794, good=19436, bad=3534, missed=1303, trie_nodes=2386, objective=0.847760
  Tested: weights=('1/2', '25', '1/5', '26'), thresholds=(1, 3, 22, 8)
  validation: F_1/7=0.902604, good=20237, bad=2218, missed=502, trie_nodes=10198, objective=0.902457
  Best so far: weights=('24', '12', '11', '1/3'), thresholds=(37, 7, 21, 9), score=0.977063, elapsed=36.2s

============================================================
Iteration 3/30
  Tested: weights=('29', '27', '30', '18'), thresholds=(42, 30, 5, 41)
  validation: F_1/7=0.976578, good=17340, bad=355, missed=3399, trie_nodes=9975, objective=0.976434
  Tested: weights=('2', '17', '18', '1'), thresholds=(22, 7, 26, 25)
  validation: F_1/7=0.931842, good=18436, bad=1329, missed=2303, trie_nodes=2662, objective=0.931803
  Tested: weights=('29', '2', '1/3', '29'), thresholds=(7, 41, 35, 3)
  validation: F_1/7=0.931733, good=19546, bad=1437, missed=1193, trie_nodes=11099, objective=0.931573
  Tested: weights=('1/4', '1/5', '5', '18'), thresholds=(40, 27, 9, 7)
  validation: F_1/7=0.950502, good=18427, bad=932, missed=2312, trie_nodes=4559, objective=0.950436
  Tested: weights=('3', '29', '1/5', '15'), thresholds=(3, 39, 12, 30)
  validation: F_1/7=0.880002, good=20183, bad=2797, missed=556, trie_nodes=7542, objective=0.879893
  Best so far: weights=('24', '12', '11', '1/3'), thresholds=(37, 7, 21, 9), score=0.977063, elapsed=58.1s

============================================================
Iteration 4/30
  Tested: weights=('1', '1/5', '22', '6'), thresholds=(15, 32, 42, 24)
  validation: F_1/7=0.959121, good=14558, bad=507, missed=6181, trie_nodes=2442, objective=0.959086
/home/dev/hyph-bench/.venv/lib/python3.13/site-packages/sklearn/gaussian_process/kernels.py:450: ConvergenceWarning: The optimal value found for dimension 0 of parameter k1__length_scale is close to the specified upper bound 1000.0. Increasing the bound and calling fit again may find a better value.
  warnings.warn(
/home/dev/hyph-bench/.venv/lib/python3.13/site-packages/sklearn/gaussian_process/kernels.py:450: ConvergenceWarning: The optimal value found for dimension 2 of parameter k1__length_scale is close to the specified upper bound 1000.0. Increasing the bound and calling fit again may find a better value.
  warnings.warn(
/home/dev/hyph-bench/.venv/lib/python3.13/site-packages/sklearn/gaussian_process/kernels.py:450: ConvergenceWarning: The optimal value found for dimension 3 of parameter k1__length_scale is close to the specified upper bound 1000.0. Increasing the bound and calling fit again may find a better value.
  warnings.warn(
/home/dev/hyph-bench/.venv/lib/python3.13/site-packages/sklearn/gaussian_process/kernels.py:450: ConvergenceWarning: The optimal value found for dimension 7 of parameter k1__length_scale is close to the specified upper bound 1000.0. Increasing the bound and calling fit again may find a better value.
  warnings.warn(
/home/dev/hyph-bench/.venv/lib/python3.13/site-packages/sklearn/gaussian_process/kernels.py:440: ConvergenceWarning: The optimal value found for dimension 0 of parameter k2__noise_level is close to the specified lower bound 0.0001. Decreasing the bound and calling fit again may find a better value.
  warnings.warn(
  Tested: weights=('21', '11', '9', '1/4'), thresholds=(38, 9, 23, 13)
  validation: F_1/7=0.976188, good=15017, bad=257, missed=5722, trie_nodes=2706, objective=0.976149
/home/dev/hyph-bench/.venv/lib/python3.13/site-packages/sklearn/gaussian_process/kernels.py:450: ConvergenceWarning: The optimal value found for dimension 0 of parameter k1__length_scale is close to the specified upper bound 1000.0. Increasing the bound and calling fit again may find a better value.
  warnings.warn(
/home/dev/hyph-bench/.venv/lib/python3.13/site-packages/sklearn/gaussian_process/kernels.py:450: ConvergenceWarning: The optimal value found for dimension 2 of parameter k1__length_scale is close to the specified upper bound 1000.0. Increasing the bound and calling fit again may find a better value.
  warnings.warn(
/home/dev/hyph-bench/.venv/lib/python3.13/site-packages/sklearn/gaussian_process/kernels.py:450: ConvergenceWarning: The optimal value found for dimension 3 of parameter k1__length_scale is close to the specified upper bound 1000.0. Increasing the bound and calling fit again may find a better value.
  warnings.warn(
/home/dev/hyph-bench/.venv/lib/python3.13/site-packages/sklearn/gaussian_process/kernels.py:450: ConvergenceWarning: The optimal value found for dimension 7 of parameter k1__length_scale is close to the specified upper bound 1000.0. Increasing the bound and calling fit again may find a better value.
  warnings.warn(
/home/dev/hyph-bench/.venv/lib/python3.13/site-packages/sklearn/gaussian_process/kernels.py:440: ConvergenceWarning: The optimal value found for dimension 0 of parameter k2__noise_level is close to the specified lower bound 0.0001. Decreasing the bound and calling fit again may find a better value.
  warnings.warn(
  Tested: weights=('1/4', '28', '1/3', '19'), thresholds=(1, 5, 37, 1)
  validation: F_1/7=0.927383, good=19851, bad=1568, missed=888, trie_nodes=27397, objective=0.926988
/home/dev/hyph-bench/.venv/lib/python3.13/site-packages/sklearn/gaussian_process/kernels.py:450: ConvergenceWarning: The optimal value found for dimension 0 of parameter k1__length_scale is close to the specified upper bound 1000.0. Increasing the bound and calling fit again may find a better value.
  warnings.warn(
/home/dev/hyph-bench/.venv/lib/python3.13/site-packages/sklearn/gaussian_process/kernels.py:450: ConvergenceWarning: The optimal value found for dimension 2 of parameter k1__length_scale is close to the specified upper bound 1000.0. Increasing the bound and calling fit again may find a better value.
  warnings.warn(
/home/dev/hyph-bench/.venv/lib/python3.13/site-packages/sklearn/gaussian_process/kernels.py:450: ConvergenceWarning: The optimal value found for dimension 3 of parameter k1__length_scale is close to the specified upper bound 1000.0. Increasing the bound and calling fit again may find a better value.
  warnings.warn(
/home/dev/hyph-bench/.venv/lib/python3.13/site-packages/sklearn/gaussian_process/kernels.py:450: ConvergenceWarning: The optimal value found for dimension 7 of parameter k1__length_scale is close to the specified upper bound 1000.0. Increasing the bound and calling fit again may find a better value.
  warnings.warn(
/home/dev/hyph-bench/.venv/lib/python3.13/site-packages/sklearn/gaussian_process/kernels.py:440: ConvergenceWarning: The optimal value found for dimension 0 of parameter k2__noise_level is close to the specified lower bound 0.0001. Decreasing the bound and calling fit again may find a better value.
  warnings.warn(
  Tested: weights=('6', '30', '29', '24'), thresholds=(7, 40, 2, 35)
  validation: F_1/7=0.943448, good=19274, bad=1149, missed=1465, trie_nodes=12968, objective=0.943261
/home/dev/hyph-bench/.venv/lib/python3.13/site-packages/sklearn/gaussian_process/kernels.py:450: ConvergenceWarning: The optimal value found for dimension 0 of parameter k1__length_scale is close to the specified upper bound 1000.0. Increasing the bound and calling fit again may find a better value.
  warnings.warn(
/home/dev/hyph-bench/.venv/lib/python3.13/site-packages/sklearn/gaussian_process/kernels.py:450: ConvergenceWarning: The optimal value found for dimension 3 of parameter k1__length_scale is close to the specified upper bound 1000.0. Increasing the bound and calling fit again may find a better value.
  warnings.warn(
/home/dev/hyph-bench/.venv/lib/python3.13/site-packages/sklearn/gaussian_process/kernels.py:450: ConvergenceWarning: The optimal value found for dimension 7 of parameter k1__length_scale is close to the specified upper bound 1000.0. Increasing the bound and calling fit again may find a better value.
  warnings.warn(
/home/dev/hyph-bench/.venv/lib/python3.13/site-packages/sklearn/gaussian_process/kernels.py:440: ConvergenceWarning: The optimal value found for dimension 0 of parameter k2__noise_level is close to the specified lower bound 0.0001. Decreasing the bound and calling fit again may find a better value.
  warnings.warn(
  Tested: weights=('30', '3', '1/5', '28'), thresholds=(22, 40, 3, 4)
  validation: F_1/7=0.897661, good=20303, bad=2353, missed=436, trie_nodes=11874, objective=0.897490
  Best so far: weights=('24', '12', '11', '1/3'), thresholds=(37, 7, 21, 9), score=0.977063, elapsed=73.7s

============================================================
Iteration 5/30
/home/dev/hyph-bench/.venv/lib/python3.13/site-packages/sklearn/gaussian_process/kernels.py:450: ConvergenceWarning: The optimal value found for dimension 0 of parameter k1__length_scale is close to the specified upper bound 1000.0. Increasing the bound and calling fit again may find a better value.
  warnings.warn(
/home/dev/hyph-bench/.venv/lib/python3.13/site-packages/sklearn/gaussian_process/kernels.py:450: ConvergenceWarning: The optimal value found for dimension 6 of parameter k1__length_scale is close to the specified upper bound 1000.0. Increasing the bound and calling fit again may find a better value.
  warnings.warn(
/home/dev/hyph-bench/.venv/lib/python3.13/site-packages/sklearn/gaussian_process/kernels.py:450: ConvergenceWarning: The optimal value found for dimension 7 of parameter k1__length_scale is close to the specified upper bound 1000.0. Increasing the bound and calling fit again may find a better value.
  warnings.warn(
/home/dev/hyph-bench/.venv/lib/python3.13/site-packages/sklearn/gaussian_process/kernels.py:440: ConvergenceWarning: The optimal value found for dimension 0 of parameter k2__noise_level is close to the specified lower bound 0.0001. Decreasing the bound and calling fit again may find a better value.
  warnings.warn(
  Tested: weights=('19', '5', '30', '1'), thresholds=(18, 1, 40, 38)
  validation: F_1/7=0.978430, good=14550, bad=201, missed=6189, trie_nodes=3941, objective=0.978373
/home/dev/hyph-bench/.venv/lib/python3.13/site-packages/sklearn/gaussian_process/kernels.py:450: ConvergenceWarning: The optimal value found for dimension 0 of parameter k1__length_scale is close to the specified upper bound 1000.0. Increasing the bound and calling fit again may find a better value.
  warnings.warn(
/home/dev/hyph-bench/.venv/lib/python3.13/site-packages/sklearn/gaussian_process/kernels.py:450: ConvergenceWarning: The optimal value found for dimension 2 of parameter k1__length_scale is close to the specified upper bound 1000.0. Increasing the bound and calling fit again may find a better value.
  warnings.warn(
/home/dev/hyph-bench/.venv/lib/python3.13/site-packages/sklearn/gaussian_process/kernels.py:450: ConvergenceWarning: The optimal value found for dimension 3 of parameter k1__length_scale is close to the specified upper bound 1000.0. Increasing the bound and calling fit again may find a better value.
  warnings.warn(
/home/dev/hyph-bench/.venv/lib/python3.13/site-packages/sklearn/gaussian_process/kernels.py:450: ConvergenceWarning: The optimal value found for dimension 7 of parameter k1__length_scale is close to the specified upper bound 1000.0. Increasing the bound and calling fit again may find a better value.
  warnings.warn(
/home/dev/hyph-bench/.venv/lib/python3.13/site-packages/sklearn/gaussian_process/kernels.py:440: ConvergenceWarning: The optimal value found for dimension 0 of parameter k2__noise_level is close to the specified lower bound 0.0001. Decreasing the bound and calling fit again may find a better value.
  warnings.warn(
  Tested: weights=('16', '24', '16', '25'), thresholds=(34, 28, 26, 32)
  validation: F_1/7=0.972387, good=14382, bad=287, missed=6357, trie_nodes=2304, objective=0.972354
/home/dev/hyph-bench/.venv/lib/python3.13/site-packages/sklearn/gaussian_process/kernels.py:450: ConvergenceWarning: The optimal value found for dimension 0 of parameter k1__length_scale is close to the specified upper bound 1000.0. Increasing the bound and calling fit again may find a better value.
  warnings.warn(
/home/dev/hyph-bench/.venv/lib/python3.13/site-packages/sklearn/gaussian_process/kernels.py:450: ConvergenceWarning: The optimal value found for dimension 1 of parameter k1__length_scale is close to the specified upper bound 1000.0. Increasing the bound and calling fit again may find a better value.
  warnings.warn(
/home/dev/hyph-bench/.venv/lib/python3.13/site-packages/sklearn/gaussian_process/kernels.py:450: ConvergenceWarning: The optimal value found for dimension 3 of parameter k1__length_scale is close to the specified upper bound 1000.0. Increasing the bound and calling fit again may find a better value.
  warnings.warn(
/home/dev/hyph-bench/.venv/lib/python3.13/site-packages/sklearn/gaussian_process/kernels.py:450: ConvergenceWarning: The optimal value found for dimension 7 of parameter k1__length_scale is close to the specified upper bound 1000.0. Increasing the bound and calling fit again may find a better value.
  warnings.warn(
/home/dev/hyph-bench/.venv/lib/python3.13/site-packages/sklearn/gaussian_process/kernels.py:440: ConvergenceWarning: The optimal value found for dimension 0 of parameter k2__noise_level is close to the specified lower bound 0.0001. Decreasing the bound and calling fit again may find a better value.
  warnings.warn(
  Tested: weights=('4', '1/3', '29', '15'), thresholds=(42, 41, 16, 3)
  validation: F_1/7=0.967440, good=16808, bad=497, missed=3931, trie_nodes=3201, objective=0.967394
/home/dev/hyph-bench/.venv/lib/python3.13/site-packages/sklearn/gaussian_process/kernels.py:450: ConvergenceWarning: The optimal value found for dimension 0 of parameter k1__length_scale is close to the specified upper bound 1000.0. Increasing the bound and calling fit again may find a better value.
  warnings.warn(
/home/dev/hyph-bench/.venv/lib/python3.13/site-packages/sklearn/gaussian_process/kernels.py:450: ConvergenceWarning: The optimal value found for dimension 3 of parameter k1__length_scale is close to the specified upper bound 1000.0. Increasing the bound and calling fit again may find a better value.
  warnings.warn(
/home/dev/hyph-bench/.venv/lib/python3.13/site-packages/sklearn/gaussian_process/kernels.py:450: ConvergenceWarning: The optimal value found for dimension 7 of parameter k1__length_scale is close to the specified upper bound 1000.0. Increasing the bound and calling fit again may find a better value.
  warnings.warn(
/home/dev/hyph-bench/.venv/lib/python3.13/site-packages/sklearn/gaussian_process/kernels.py:440: ConvergenceWarning: The optimal value found for dimension 0 of parameter k2__noise_level is close to the specified lower bound 0.0001. Decreasing the bound and calling fit again may find a better value.
  warnings.warn(
  Tested: weights=('1/5', '4', '7', '1/3'), thresholds=(11, 10, 12, 4)
  validation: F_1/7=0.968609, good=16965, bad=484, missed=3774, trie_nodes=5930, objective=0.968524
/home/dev/hyph-bench/.venv/lib/python3.13/site-packages/sklearn/gaussian_process/kernels.py:450: ConvergenceWarning: The optimal value found for dimension 0 of parameter k1__length_scale is close to the specified upper bound 1000.0. Increasing the bound and calling fit again may find a better value.
  warnings.warn(
/home/dev/hyph-bench/.venv/lib/python3.13/site-packages/sklearn/gaussian_process/kernels.py:450: ConvergenceWarning: The optimal value found for dimension 1 of parameter k1__length_scale is close to the specified upper bound 1000.0. Increasing the bound and calling fit again may find a better value.
  warnings.warn(
/home/dev/hyph-bench/.venv/lib/python3.13/site-packages/sklearn/gaussian_process/kernels.py:450: ConvergenceWarning: The optimal value found for dimension 2 of parameter k1__length_scale is close to the specified upper bound 1000.0. Increasing the bound and calling fit again may find a better value.
  warnings.warn(
/home/dev/hyph-bench/.venv/lib/python3.13/site-packages/sklearn/gaussian_process/kernels.py:450: ConvergenceWarning: The optimal value found for dimension 3 of parameter k1__length_scale is close to the specified upper bound 1000.0. Increasing the bound and calling fit again may find a better value.
  warnings.warn(
/home/dev/hyph-bench/.venv/lib/python3.13/site-packages/sklearn/gaussian_process/kernels.py:450: ConvergenceWarning: The optimal value found for dimension 7 of parameter k1__length_scale is close to the specified upper bound 1000.0. Increasing the bound and calling fit again may find a better value.
  warnings.warn(
/home/dev/hyph-bench/.venv/lib/python3.13/site-packages/sklearn/gaussian_process/kernels.py:440: ConvergenceWarning: The optimal value found for dimension 0 of parameter k2__noise_level is close to the specified lower bound 0.0001. Decreasing the bound and calling fit again may find a better value.
  warnings.warn(
  Tested: weights=('30', '30', '29', '18'), thresholds=(12, 3, 4, 8)
  validation: F_1/7=0.976289, good=17642, bad=374, missed=3097, trie_nodes=11780, objective=0.976120
  Best so far: weights=('19', '5', '30', '1'), thresholds=(18, 1, 40, 38), score=0.978373, elapsed=90.4s

============================================================
Iteration 6/30
/home/dev/hyph-bench/.venv/lib/python3.13/site-packages/sklearn/gaussian_process/kernels.py:450: ConvergenceWarning: The optimal value found for dimension 0 of parameter k1__length_scale is close to the specified upper bound 1000.0. Increasing the bound and calling fit again may find a better value.
  warnings.warn(
/home/dev/hyph-bench/.venv/lib/python3.13/site-packages/sklearn/gaussian_process/kernels.py:450: ConvergenceWarning: The optimal value found for dimension 1 of parameter k1__length_scale is close to the specified upper bound 1000.0. Increasing the bound and calling fit again may find a better value.
  warnings.warn(
/home/dev/hyph-bench/.venv/lib/python3.13/site-packages/sklearn/gaussian_process/kernels.py:450: ConvergenceWarning: The optimal value found for dimension 3 of parameter k1__length_scale is close to the specified upper bound 1000.0. Increasing the bound and calling fit again may find a better value.
  warnings.warn(
/home/dev/hyph-bench/.venv/lib/python3.13/site-packages/sklearn/gaussian_process/kernels.py:450: ConvergenceWarning: The optimal value found for dimension 7 of parameter k1__length_scale is close to the specified upper bound 1000.0. Increasing the bound and calling fit again may find a better value.
  warnings.warn(
/home/dev/hyph-bench/.venv/lib/python3.13/site-packages/sklearn/gaussian_process/kernels.py:440: ConvergenceWarning: The optimal value found for dimension 0 of parameter k2__noise_level is close to the specified lower bound 0.0001. Decreasing the bound and calling fit again may find a better value.
  warnings.warn(
  Tested: weights=('25', '1/5', '30', '15'), thresholds=(17, 1, 14, 25)
  validation: F_1/7=0.980942, good=14969, bad=179, missed=5770, trie_nodes=5022, objective=0.980870
/home/dev/hyph-bench/.venv/lib/python3.13/site-packages/sklearn/gaussian_process/kernels.py:450: ConvergenceWarning: The optimal value found for dimension 2 of parameter k1__length_scale is close to the specified upper bound 1000.0. Increasing the bound and calling fit again may find a better value.
  warnings.warn(
/home/dev/hyph-bench/.venv/lib/python3.13/site-packages/sklearn/gaussian_process/kernels.py:450: ConvergenceWarning: The optimal value found for dimension 4 of parameter k1__length_scale is close to the specified upper bound 1000.0. Increasing the bound and calling fit again may find a better value.
  warnings.warn(
/home/dev/hyph-bench/.venv/lib/python3.13/site-packages/sklearn/gaussian_process/kernels.py:450: ConvergenceWarning: The optimal value found for dimension 5 of parameter k1__length_scale is close to the specified upper bound 1000.0. Increasing the bound and calling fit again may find a better value.
  warnings.warn(
/home/dev/hyph-bench/.venv/lib/python3.13/site-packages/sklearn/gaussian_process/kernels.py:450: ConvergenceWarning: The optimal value found for dimension 7 of parameter k1__length_scale is close to the specified upper bound 1000.0. Increasing the bound and calling fit again may find a better value.
  warnings.warn(
/home/dev/hyph-bench/.venv/lib/python3.13/site-packages/sklearn/gaussian_process/kernels.py:440: ConvergenceWarning: The optimal value found for dimension 0 of parameter k2__noise_level is close to the specified lower bound 0.0001. Decreasing the bound and calling fit again may find a better value.
  warnings.warn(
  Tested: weights=('28', '30', '5', '28'), thresholds=(14, 42, 4, 20)
  validation: F_1/7=0.967555, good=18494, bad=587, missed=2245, trie_nodes=9464, objective=0.967418
/home/dev/hyph-bench/.venv/lib/python3.13/site-packages/sklearn/gaussian_process/kernels.py:450: ConvergenceWarning: The optimal value found for dimension 4 of parameter k1__length_scale is close to the specified upper bound 1000.0. Increasing the bound and calling fit again may find a better value.
  warnings.warn(
/home/dev/hyph-bench/.venv/lib/python3.13/site-packages/sklearn/gaussian_process/kernels.py:450: ConvergenceWarning: The optimal value found for dimension 5 of parameter k1__length_scale is close to the specified upper bound 1000.0. Increasing the bound and calling fit again may find a better value.
  warnings.warn(
/home/dev/hyph-bench/.venv/lib/python3.13/site-packages/sklearn/gaussian_process/kernels.py:440: ConvergenceWarning: The optimal value found for dimension 0 of parameter k2__noise_level is close to the specified lower bound 0.0001. Decreasing the bound and calling fit again may find a better value.
  warnings.warn(
  Tested: weights=('1/3', '23', '1/5', '30'), thresholds=(32, 41, 41, 39)
  validation: F_1/7=0.784556, good=20289, bad=5676, missed=450, trie_nodes=1838, objective=0.784530
/home/dev/hyph-bench/.venv/lib/python3.13/site-packages/sklearn/gaussian_process/kernels.py:450: ConvergenceWarning: The optimal value found for dimension 4 of parameter k1__length_scale is close to the specified upper bound 1000.0. Increasing the bound and calling fit again may find a better value.
  warnings.warn(
/home/dev/hyph-bench/.venv/lib/python3.13/site-packages/sklearn/gaussian_process/kernels.py:450: ConvergenceWarning: The optimal value found for dimension 5 of parameter k1__length_scale is close to the specified upper bound 1000.0. Increasing the bound and calling fit again may find a better value.
  warnings.warn(
/home/dev/hyph-bench/.venv/lib/python3.13/site-packages/sklearn/gaussian_process/kernels.py:440: ConvergenceWarning: The optimal value found for dimension 0 of parameter k2__noise_level is close to the specified lower bound 0.0001. Decreasing the bound and calling fit again may find a better value.
  warnings.warn(
  Tested: weights=('11', '9', '1/5', '20'), thresholds=(9, 16, 36, 1)
  validation: F_1/7=0.942621, good=19525, bad=1188, missed=1214, trie_nodes=24425, objective=0.942269
/home/dev/hyph-bench/.venv/lib/python3.13/site-packages/sklearn/gaussian_process/kernels.py:450: ConvergenceWarning: The optimal value found for dimension 4 of parameter k1__length_scale is close to the specified upper bound 1000.0. Increasing the bound and calling fit again may find a better value.
  warnings.warn(
/home/dev/hyph-bench/.venv/lib/python3.13/site-packages/sklearn/gaussian_process/kernels.py:450: ConvergenceWarning: The optimal value found for dimension 5 of parameter k1__length_scale is close to the specified upper bound 1000.0. Increasing the bound and calling fit again may find a better value.
  warnings.warn(
/home/dev/hyph-bench/.venv/lib/python3.13/site-packages/sklearn/gaussian_process/kernels.py:440: ConvergenceWarning: The optimal value found for dimension 0 of parameter k2__noise_level is close to the specified lower bound 0.0001. Decreasing the bound and calling fit again may find a better value.
  warnings.warn(
  Tested: weights=('1/5', '15', '19', '1/5'), thresholds=(30, 31, 1, 6)
  validation: F_1/7=0.963893, good=11312, bad=240, missed=9427, trie_nodes=6308, objective=0.963802
  Best so far: weights=('25', '1/5', '30', '15'), thresholds=(17, 1, 14, 25), score=0.980870, elapsed=106.8s

============================================================
Iteration 7/30
/home/dev/hyph-bench/.venv/lib/python3.13/site-packages/sklearn/gaussian_process/kernels.py:450: ConvergenceWarning: The optimal value found for dimension 4 of parameter k1__length_scale is close to the specified upper bound 1000.0. Increasing the bound and calling fit again may find a better value.
  warnings.warn(
/home/dev/hyph-bench/.venv/lib/python3.13/site-packages/sklearn/gaussian_process/kernels.py:450: ConvergenceWarning: The optimal value found for dimension 5 of parameter k1__length_scale is close to the specified upper bound 1000.0. Increasing the bound and calling fit again may find a better value.
  warnings.warn(
/home/dev/hyph-bench/.venv/lib/python3.13/site-packages/sklearn/gaussian_process/kernels.py:440: ConvergenceWarning: The optimal value found for dimension 0 of parameter k2__noise_level is close to the specified lower bound 0.0001. Decreasing the bound and calling fit again may find a better value.
  warnings.warn(
  Tested: weights=('8', '5', '18', '25'), thresholds=(4, 2, 6, 42)
  validation: F_1/7=0.965938, good=18518, bad=621, missed=2221, trie_nodes=9221, objective=0.965805
/home/dev/hyph-bench/.venv/lib/python3.13/site-packages/sklearn/gaussian_process/kernels.py:450: ConvergenceWarning: The optimal value found for dimension 4 of parameter k1__length_scale is close to the specified upper bound 1000.0. Increasing the bound and calling fit again may find a better value.
  warnings.warn(
/home/dev/hyph-bench/.venv/lib/python3.13/site-packages/sklearn/gaussian_process/kernels.py:450: ConvergenceWarning: The optimal value found for dimension 5 of parameter k1__length_scale is close to the specified upper bound 1000.0. Increasing the bound and calling fit again may find a better value.
  warnings.warn(
/home/dev/hyph-bench/.venv/lib/python3.13/site-packages/sklearn/gaussian_process/kernels.py:440: ConvergenceWarning: The optimal value found for dimension 0 of parameter k2__noise_level is close to the specified lower bound 0.0001. Decreasing the bound and calling fit again may find a better value.
  warnings.warn(
  Tested: weights=('12', '1/4', '8', '1/4'), thresholds=(5, 36, 38, 36)
  validation: F_1/7=0.970930, good=17450, bad=466, missed=3289, trie_nodes=7219, objective=0.970826
/home/dev/hyph-bench/.venv/lib/python3.13/site-packages/sklearn/gaussian_process/kernels.py:450: ConvergenceWarning: The optimal value found for dimension 4 of parameter k1__length_scale is close to the specified upper bound 1000.0. Increasing the bound and calling fit again may find a better value.
  warnings.warn(
/home/dev/hyph-bench/.venv/lib/python3.13/site-packages/sklearn/gaussian_process/kernels.py:450: ConvergenceWarning: The optimal value found for dimension 5 of parameter k1__length_scale is close to the specified upper bound 1000.0. Increasing the bound and calling fit again may find a better value.
  warnings.warn(
/home/dev/hyph-bench/.venv/lib/python3.13/site-packages/sklearn/gaussian_process/kernels.py:440: ConvergenceWarning: The optimal value found for dimension 0 of parameter k2__noise_level is close to the specified lower bound 0.0001. Decreasing the bound and calling fit again may find a better value.
  warnings.warn(
  Tested: weights=('8', '2', '25', '1/5'), thresholds=(34, 3, 41, 11)
  validation: F_1/7=0.976059, good=14707, bad=245, missed=6032, trie_nodes=2355, objective=0.976025
/home/dev/hyph-bench/.venv/lib/python3.13/site-packages/sklearn/gaussian_process/kernels.py:450: ConvergenceWarning: The optimal value found for dimension 4 of parameter k1__length_scale is close to the specified upper bound 1000.0. Increasing the bound and calling fit again may find a better value.
  warnings.warn(
/home/dev/hyph-bench/.venv/lib/python3.13/site-packages/sklearn/gaussian_process/kernels.py:450: ConvergenceWarning: The optimal value found for dimension 5 of parameter k1__length_scale is close to the specified upper bound 1000.0. Increasing the bound and calling fit again may find a better value.
  warnings.warn(
/home/dev/hyph-bench/.venv/lib/python3.13/site-packages/sklearn/gaussian_process/kernels.py:440: ConvergenceWarning: The optimal value found for dimension 0 of parameter k2__noise_level is close to the specified lower bound 0.0001. Decreasing the bound and calling fit again may find a better value.
  warnings.warn(
  Tested: weights=('29', '29', '1/4', '6'), thresholds=(11, 39, 17, 1)
  validation: F_1/7=0.949453, good=19486, bad=1033, missed=1253, trie_nodes=22623, objective=0.949127
/home/dev/hyph-bench/.venv/lib/python3.13/site-packages/sklearn/gaussian_process/kernels.py:450: ConvergenceWarning: The optimal value found for dimension 4 of parameter k1__length_scale is close to the specified upper bound 1000.0. Increasing the bound and calling fit again may find a better value.
  warnings.warn(
/home/dev/hyph-bench/.venv/lib/python3.13/site-packages/sklearn/gaussian_process/kernels.py:450: ConvergenceWarning: The optimal value found for dimension 5 of parameter k1__length_scale is close to the specified upper bound 1000.0. Increasing the bound and calling fit again may find a better value.
  warnings.warn(
/home/dev/hyph-bench/.venv/lib/python3.13/site-packages/sklearn/gaussian_process/kernels.py:440: ConvergenceWarning: The optimal value found for dimension 0 of parameter k2__noise_level is close to the specified lower bound 0.0001. Decreasing the bound and calling fit again may find a better value.
  warnings.warn(
  Tested: weights=('18', '24', '28', '23'), thresholds=(31, 12, 1, 7)
  validation: F_1/7=0.961321, good=19072, bad=749, missed=1667, trie_nodes=31507, objective=0.960867
  Best so far: weights=('25', '1/5', '30', '15'), thresholds=(17, 1, 14, 25), score=0.980870, elapsed=141.1s

============================================================
Iteration 8/30
/home/dev/hyph-bench/.venv/lib/python3.13/site-packages/sklearn/gaussian_process/kernels.py:450: ConvergenceWarning: The optimal value found for dimension 3 of parameter k1__length_scale is close to the specified upper bound 1000.0. Increasing the bound and calling fit again may find a better value.
  warnings.warn(
/home/dev/hyph-bench/.venv/lib/python3.13/site-packages/sklearn/gaussian_process/kernels.py:450: ConvergenceWarning: The optimal value found for dimension 5 of parameter k1__length_scale is close to the specified upper bound 1000.0. Increasing the bound and calling fit again may find a better value.
  warnings.warn(
/home/dev/hyph-bench/.venv/lib/python3.13/site-packages/sklearn/gaussian_process/kernels.py:450: ConvergenceWarning: The optimal value found for dimension 6 of parameter k1__length_scale is close to the specified upper bound 1000.0. Increasing the bound and calling fit again may find a better value.
  warnings.warn(
/home/dev/hyph-bench/.venv/lib/python3.13/site-packages/sklearn/gaussian_process/kernels.py:440: ConvergenceWarning: The optimal value found for dimension 0 of parameter k2__noise_level is close to the specified lower bound 0.0001. Decreasing the bound and calling fit again may find a better value.
  warnings.warn(
  Tested: weights=('15', '21', '1/4', '11'), thresholds=(39, 3, 2, 39)
  validation: F_1/7=0.810141, good=20406, bad=4873, missed=333, trie_nodes=6996, objective=0.810040
/home/dev/hyph-bench/.venv/lib/python3.13/site-packages/sklearn/gaussian_process/kernels.py:450: ConvergenceWarning: The optimal value found for dimension 3 of parameter k1__length_scale is close to the specified upper bound 1000.0. Increasing the bound and calling fit again may find a better value.
  warnings.warn(
/home/dev/hyph-bench/.venv/lib/python3.13/site-packages/sklearn/gaussian_process/kernels.py:450: ConvergenceWarning: The optimal value found for dimension 5 of parameter k1__length_scale is close to the specified upper bound 1000.0. Increasing the bound and calling fit again may find a better value.
  warnings.warn(
/home/dev/hyph-bench/.venv/lib/python3.13/site-packages/sklearn/gaussian_process/kernels.py:450: ConvergenceWarning: The optimal value found for dimension 6 of parameter k1__length_scale is close to the specified upper bound 1000.0. Increasing the bound and calling fit again may find a better value.
  warnings.warn(
  Tested: weights=('12', '28', '30', '24'), thresholds=(37, 39, 19, 4)
  validation: F_1/7=0.972767, good=15176, bad=320, missed=5563, trie_nodes=2840, objective=0.972726
/home/dev/hyph-bench/.venv/lib/python3.13/site-packages/sklearn/gaussian_process/kernels.py:450: ConvergenceWarning: The optimal value found for dimension 3 of parameter k1__length_scale is close to the specified upper bound 1000.0. Increasing the bound and calling fit again may find a better value.
  warnings.warn(
/home/dev/hyph-bench/.venv/lib/python3.13/site-packages/sklearn/gaussian_process/kernels.py:450: ConvergenceWarning: The optimal value found for dimension 5 of parameter k1__length_scale is close to the specified upper bound 1000.0. Increasing the bound and calling fit again may find a better value.
  warnings.warn(
/home/dev/hyph-bench/.venv/lib/python3.13/site-packages/sklearn/gaussian_process/kernels.py:450: ConvergenceWarning: The optimal value found for dimension 6 of parameter k1__length_scale is close to the specified upper bound 1000.0. Increasing the bound and calling fit again may find a better value.
  warnings.warn(
/home/dev/hyph-bench/.venv/lib/python3.13/site-packages/sklearn/gaussian_process/kernels.py:440: ConvergenceWarning: The optimal value found for dimension 0 of parameter k2__noise_level is close to the specified lower bound 0.0001. Decreasing the bound and calling fit again may find a better value.
  warnings.warn(
  Tested: weights=('18', '6', '1', '27'), thresholds=(3, 42, 5, 35)
  validation: F_1/7=0.943604, good=19390, bad=1155, missed=1349, trie_nodes=12281, objective=0.943427
/home/dev/hyph-bench/.venv/lib/python3.13/site-packages/sklearn/gaussian_process/kernels.py:450: ConvergenceWarning: The optimal value found for dimension 3 of parameter k1__length_scale is close to the specified upper bound 1000.0. Increasing the bound and calling fit again may find a better value.
  warnings.warn(
/home/dev/hyph-bench/.venv/lib/python3.13/site-packages/sklearn/gaussian_process/kernels.py:450: ConvergenceWarning: The optimal value found for dimension 4 of parameter k1__length_scale is close to the specified upper bound 1000.0. Increasing the bound and calling fit again may find a better value.
  warnings.warn(
/home/dev/hyph-bench/.venv/lib/python3.13/site-packages/sklearn/gaussian_process/kernels.py:450: ConvergenceWarning: The optimal value found for dimension 5 of parameter k1__length_scale is close to the specified upper bound 1000.0. Increasing the bound and calling fit again may find a better value.
  warnings.warn(
/home/dev/hyph-bench/.venv/lib/python3.13/site-packages/sklearn/gaussian_process/kernels.py:440: ConvergenceWarning: The optimal value found for dimension 0 of parameter k2__noise_level is close to the specified lower bound 0.0001. Decreasing the bound and calling fit again may find a better value.
  warnings.warn(
  Tested: weights=('20', '1/5', '18', '5'), thresholds=(3, 31, 40, 5)
  validation: F_1/7=0.974637, good=17466, bad=397, missed=3273, trie_nodes=11642, objective=0.974469
/home/dev/hyph-bench/.venv/lib/python3.13/site-packages/sklearn/gaussian_process/kernels.py:450: ConvergenceWarning: The optimal value found for dimension 3 of parameter k1__length_scale is close to the specified upper bound 1000.0. Increasing the bound and calling fit again may find a better value.
  warnings.warn(
/home/dev/hyph-bench/.venv/lib/python3.13/site-packages/sklearn/gaussian_process/kernels.py:450: ConvergenceWarning: The optimal value found for dimension 5 of parameter k1__length_scale is close to the specified upper bound 1000.0. Increasing the bound and calling fit again may find a better value.
  warnings.warn(
/home/dev/hyph-bench/.venv/lib/python3.13/site-packages/sklearn/gaussian_process/kernels.py:450: ConvergenceWarning: The optimal value found for dimension 6 of parameter k1__length_scale is close to the specified upper bound 1000.0. Increasing the bound and calling fit again may find a better value.
  warnings.warn(
  Tested: weights=('2', '16', '30', '1/4'), thresholds=(15, 7, 3, 9)
  validation: F_1/7=0.967791, good=17147, bad=509, missed=3592, trie_nodes=7212, objective=0.967687
  Best so far: weights=('25', '1/5', '30', '15'), thresholds=(17, 1, 14, 25), score=0.980870, elapsed=178.4s

============================================================
Iteration 9/30
/home/dev/hyph-bench/.venv/lib/python3.13/site-packages/sklearn/gaussian_process/kernels.py:450: ConvergenceWarning: The optimal value found for dimension 3 of parameter k1__length_scale is close to the specified upper bound 1000.0. Increasing the bound and calling fit again may find a better value.
  warnings.warn(
/home/dev/hyph-bench/.venv/lib/python3.13/site-packages/sklearn/gaussian_process/kernels.py:450: ConvergenceWarning: The optimal value found for dimension 5 of parameter k1__length_scale is close to the specified upper bound 1000.0. Increasing the bound and calling fit again may find a better value.
  warnings.warn(
/home/dev/hyph-bench/.venv/lib/python3.13/site-packages/sklearn/gaussian_process/kernels.py:450: ConvergenceWarning: The optimal value found for dimension 6 of parameter k1__length_scale is close to the specified upper bound 1000.0. Increasing the bound and calling fit again may find a better value.
  warnings.warn(
/home/dev/hyph-bench/.venv/lib/python3.13/site-packages/sklearn/gaussian_process/kernels.py:440: ConvergenceWarning: The optimal value found for dimension 0 of parameter k2__noise_level is close to the specified lower bound 0.0001. Decreasing the bound and calling fit again may find a better value.
  warnings.warn(
  Tested: weights=('29', '1/5', '21', '30'), thresholds=(35, 18, 40, 28)
  validation: F_1/7=0.975836, good=12616, bad=153, missed=8123, trie_nodes=1945, objective=0.975808
/home/dev/hyph-bench/.venv/lib/python3.13/site-packages/sklearn/gaussian_process/kernels.py:450: ConvergenceWarning: The optimal value found for dimension 3 of parameter k1__length_scale is close to the specified upper bound 1000.0. Increasing the bound and calling fit again may find a better value.
  warnings.warn(
/home/dev/hyph-bench/.venv/lib/python3.13/site-packages/sklearn/gaussian_process/kernels.py:450: ConvergenceWarning: The optimal value found for dimension 5 of parameter k1__length_scale is close to the specified upper bound 1000.0. Increasing the bound and calling fit again may find a better value.
  warnings.warn(
/home/dev/hyph-bench/.venv/lib/python3.13/site-packages/sklearn/gaussian_process/kernels.py:450: ConvergenceWarning: The optimal value found for dimension 6 of parameter k1__length_scale is close to the specified upper bound 1000.0. Increasing the bound and calling fit again may find a better value.
  warnings.warn(
/home/dev/hyph-bench/.venv/lib/python3.13/site-packages/sklearn/gaussian_process/kernels.py:440: ConvergenceWarning: The optimal value found for dimension 0 of parameter k2__noise_level is close to the specified lower bound 0.0001. Decreasing the bound and calling fit again may find a better value.
  warnings.warn(
  Tested: weights=('30', '20', '16', '2'), thresholds=(2, 42, 29, 35)
  validation: F_1/7=0.972489, good=17600, bad=444, missed=3139, trie_nodes=16185, objective=0.972255
/home/dev/hyph-bench/.venv/lib/python3.13/site-packages/sklearn/gaussian_process/kernels.py:450: ConvergenceWarning: The optimal value found for dimension 3 of parameter k1__length_scale is close to the specified upper bound 1000.0. Increasing the bound and calling fit again may find a better value.
  warnings.warn(
/home/dev/hyph-bench/.venv/lib/python3.13/site-packages/sklearn/gaussian_process/kernels.py:450: ConvergenceWarning: The optimal value found for dimension 4 of parameter k1__length_scale is close to the specified upper bound 1000.0. Increasing the bound and calling fit again may find a better value.
  warnings.warn(
/home/dev/hyph-bench/.venv/lib/python3.13/site-packages/sklearn/gaussian_process/kernels.py:450: ConvergenceWarning: The optimal value found for dimension 5 of parameter k1__length_scale is close to the specified upper bound 1000.0. Increasing the bound and calling fit again may find a better value.
  warnings.warn(
/home/dev/hyph-bench/.venv/lib/python3.13/site-packages/sklearn/gaussian_process/kernels.py:440: ConvergenceWarning: The optimal value found for dimension 0 of parameter k2__noise_level is close to the specified lower bound 0.0001. Decreasing the bound and calling fit again may find a better value.
  warnings.warn(
  Tested: weights=('10', '28', '29', '23'), thresholds=(40, 40, 6, 22)
  validation: F_1/7=0.964906, good=17598, bad=589, missed=3141, trie_nodes=6638, objective=0.964811
/home/dev/hyph-bench/.venv/lib/python3.13/site-packages/sklearn/gaussian_process/kernels.py:450: ConvergenceWarning: The optimal value found for dimension 3 of parameter k1__length_scale is close to the specified upper bound 1000.0. Increasing the bound and calling fit again may find a better value.
  warnings.warn(
/home/dev/hyph-bench/.venv/lib/python3.13/site-packages/sklearn/gaussian_process/kernels.py:450: ConvergenceWarning: The optimal value found for dimension 4 of parameter k1__length_scale is close to the specified upper bound 1000.0. Increasing the bound and calling fit again may find a better value.
  warnings.warn(
/home/dev/hyph-bench/.venv/lib/python3.13/site-packages/sklearn/gaussian_process/kernels.py:450: ConvergenceWarning: The optimal value found for dimension 5 of parameter k1__length_scale is close to the specified upper bound 1000.0. Increasing the bound and calling fit again may find a better value.
  warnings.warn(
/home/dev/hyph-bench/.venv/lib/python3.13/site-packages/sklearn/gaussian_process/kernels.py:440: ConvergenceWarning: The optimal value found for dimension 0 of parameter k2__noise_level is close to the specified lower bound 0.0001. Decreasing the bound and calling fit again may find a better value.
  warnings.warn(
  Tested: weights=('6', '2', '8', '23'), thresholds=(25, 1, 8, 2)
  validation: F_1/7=0.972171, good=17700, bad=455, missed=3039, trie_nodes=7120, objective=0.972068
/home/dev/hyph-bench/.venv/lib/python3.13/site-packages/sklearn/gaussian_process/kernels.py:450: ConvergenceWarning: The optimal value found for dimension 3 of parameter k1__length_scale is close to the specified upper bound 1000.0. Increasing the bound and calling fit again may find a better value.
  warnings.warn(
/home/dev/hyph-bench/.venv/lib/python3.13/site-packages/sklearn/gaussian_process/kernels.py:450: ConvergenceWarning: The optimal value found for dimension 4 of parameter k1__length_scale is close to the specified upper bound 1000.0. Increasing the bound and calling fit again may find a better value.
  warnings.warn(
/home/dev/hyph-bench/.venv/lib/python3.13/site-packages/sklearn/gaussian_process/kernels.py:450: ConvergenceWarning: The optimal value found for dimension 5 of parameter k1__length_scale is close to the specified upper bound 1000.0. Increasing the bound and calling fit again may find a better value.
  warnings.warn(
/home/dev/hyph-bench/.venv/lib/python3.13/site-packages/sklearn/gaussian_process/kernels.py:440: ConvergenceWarning: The optimal value found for dimension 0 of parameter k2__noise_level is close to the specified lower bound 0.0001. Decreasing the bound and calling fit again may find a better value.
  warnings.warn(
  Tested: weights=('1/4', '9', '26', '10'), thresholds=(1, 12, 40, 8)
  validation: F_1/7=0.878069, good=20001, bad=2819, missed=738, trie_nodes=5300, objective=0.877993
  Best so far: weights=('25', '1/5', '30', '15'), thresholds=(17, 1, 14, 25), score=0.980870, elapsed=214.5s

============================================================
Iteration 10/30
/home/dev/hyph-bench/.venv/lib/python3.13/site-packages/sklearn/gaussian_process/kernels.py:450: ConvergenceWarning: The optimal value found for dimension 3 of parameter k1__length_scale is close to the specified upper bound 1000.0. Increasing the bound and calling fit again may find a better value.
  warnings.warn(
/home/dev/hyph-bench/.venv/lib/python3.13/site-packages/sklearn/gaussian_process/kernels.py:450: ConvergenceWarning: The optimal value found for dimension 4 of parameter k1__length_scale is close to the specified upper bound 1000.0. Increasing the bound and calling fit again may find a better value.
  warnings.warn(
/home/dev/hyph-bench/.venv/lib/python3.13/site-packages/sklearn/gaussian_process/kernels.py:450: ConvergenceWarning: The optimal value found for dimension 5 of parameter k1__length_scale is close to the specified upper bound 1000.0. Increasing the bound and calling fit again may find a better value.
  warnings.warn(
/home/dev/hyph-bench/.venv/lib/python3.13/site-packages/sklearn/gaussian_process/kernels.py:440: ConvergenceWarning: The optimal value found for dimension 0 of parameter k2__noise_level is close to the specified lower bound 0.0001. Decreasing the bound and calling fit again may find a better value.
  warnings.warn(
  Tested: weights=('28', '22', '14', '13'), thresholds=(20, 37, 15, 1)
  validation: F_1/7=0.980236, good=15354, bad=206, missed=5385, trie_nodes=5678, objective=0.980154
/home/dev/hyph-bench/.venv/lib/python3.13/site-packages/sklearn/gaussian_process/kernels.py:450: ConvergenceWarning: The optimal value found for dimension 3 of parameter k1__length_scale is close to the specified upper bound 1000.0. Increasing the bound and calling fit again may find a better value.
  warnings.warn(
/home/dev/hyph-bench/.venv/lib/python3.13/site-packages/sklearn/gaussian_process/kernels.py:450: ConvergenceWarning: The optimal value found for dimension 5 of parameter k1__length_scale is close to the specified upper bound 1000.0. Increasing the bound and calling fit again may find a better value.
  warnings.warn(
/home/dev/hyph-bench/.venv/lib/python3.13/site-packages/sklearn/gaussian_process/kernels.py:450: ConvergenceWarning: The optimal value found for dimension 6 of parameter k1__length_scale is close to the specified upper bound 1000.0. Increasing the bound and calling fit again may find a better value.
  warnings.warn(
  Tested: weights=('1/4', '26', '15', '29'), thresholds=(1, 1, 31, 2)
  validation: F_1/7=0.922336, good=19865, bad=1689, missed=874, trie_nodes=23099, objective=0.922003
/home/dev/hyph-bench/.venv/lib/python3.13/site-packages/sklearn/gaussian_process/kernels.py:450: ConvergenceWarning: The optimal value found for dimension 1 of parameter k1__length_scale is close to the specified upper bound 1000.0. Increasing the bound and calling fit again may find a better value.
  warnings.warn(
/home/dev/hyph-bench/.venv/lib/python3.13/site-packages/sklearn/gaussian_process/kernels.py:450: ConvergenceWarning: The optimal value found for dimension 5 of parameter k1__length_scale is close to the specified upper bound 1000.0. Increasing the bound and calling fit again may find a better value.
  warnings.warn(
/home/dev/hyph-bench/.venv/lib/python3.13/site-packages/sklearn/gaussian_process/kernels.py:450: ConvergenceWarning: The optimal value found for dimension 6 of parameter k1__length_scale is close to the specified upper bound 1000.0. Increasing the bound and calling fit again may find a better value.
  warnings.warn(
  Tested: weights=('6', '29', '18', '19'), thresholds=(41, 42, 40, 31)
  validation: F_1/7=0.948610, good=15303, bad=735, missed=5436, trie_nodes=1419, objective=0.948590
/home/dev/hyph-bench/.venv/lib/python3.13/site-packages/sklearn/gaussian_process/kernels.py:450: ConvergenceWarning: The optimal value found for dimension 5 of parameter k1__length_scale is close to the specified upper bound 1000.0. Increasing the bound and calling fit again may find a better value.
  warnings.warn(
/home/dev/hyph-bench/.venv/lib/python3.13/site-packages/sklearn/gaussian_process/kernels.py:450: ConvergenceWarning: The optimal value found for dimension 6 of parameter k1__length_scale is close to the specified upper bound 1000.0. Increasing the bound and calling fit again may find a better value.
  warnings.warn(
/home/dev/hyph-bench/.venv/lib/python3.13/site-packages/sklearn/gaussian_process/kernels.py:440: ConvergenceWarning: The optimal value found for dimension 0 of parameter k2__noise_level is close to the specified lower bound 0.0001. Decreasing the bound and calling fit again may find a better value.
  warnings.warn(
  Tested: weights=('10', '1/2', '2', '29'), thresholds=(39, 7, 1, 29)
  validation: F_1/7=0.931396, good=19873, bad=1476, missed=866, trie_nodes=17886, objective=0.931138
/home/dev/hyph-bench/.venv/lib/python3.13/site-packages/sklearn/gaussian_process/kernels.py:450: ConvergenceWarning: The optimal value found for dimension 3 of parameter k1__length_scale is close to the specified upper bound 1000.0. Increasing the bound and calling fit again may find a better value.
  warnings.warn(
/home/dev/hyph-bench/.venv/lib/python3.13/site-packages/sklearn/gaussian_process/kernels.py:450: ConvergenceWarning: The optimal value found for dimension 5 of parameter k1__length_scale is close to the specified upper bound 1000.0. Increasing the bound and calling fit again may find a better value.
  warnings.warn(
/home/dev/hyph-bench/.venv/lib/python3.13/site-packages/sklearn/gaussian_process/kernels.py:450: ConvergenceWarning: The optimal value found for dimension 6 of parameter k1__length_scale is close to the specified upper bound 1000.0. Increasing the bound and calling fit again may find a better value.
  warnings.warn(
/home/dev/hyph-bench/.venv/lib/python3.13/site-packages/sklearn/gaussian_process/kernels.py:440: ConvergenceWarning: The optimal value found for dimension 0 of parameter k2__noise_level is close to the specified lower bound 0.0001. Decreasing the bound and calling fit again may find a better value.
  warnings.warn(
  Tested: weights=('1', '2', '24', '1/5'), thresholds=(7, 4, 38, 41)
  validation: F_1/7=0.951049, good=17925, bad=884, missed=2814, trie_nodes=4401, objective=0.950986
  Best so far: weights=('25', '1/5', '30', '15'), thresholds=(17, 1, 14, 25), score=0.980870, elapsed=249.3s

============================================================
Iteration 11/30
/home/dev/hyph-bench/.venv/lib/python3.13/site-packages/sklearn/gaussian_process/kernels.py:450: ConvergenceWarning: The optimal value found for dimension 5 of parameter k1__length_scale is close to the specified upper bound 1000.0. Increasing the bound and calling fit again may find a better value.
  warnings.warn(
/home/dev/hyph-bench/.venv/lib/python3.13/site-packages/sklearn/gaussian_process/kernels.py:450: ConvergenceWarning: The optimal value found for dimension 6 of parameter k1__length_scale is close to the specified upper bound 1000.0. Increasing the bound and calling fit again may find a better value.
  warnings.warn(
/home/dev/hyph-bench/.venv/lib/python3.13/site-packages/sklearn/gaussian_process/kernels.py:440: ConvergenceWarning: The optimal value found for dimension 0 of parameter k2__noise_level is close to the specified lower bound 0.0001. Decreasing the bound and calling fit again may find a better value.
  warnings.warn(
  Tested: weights=('18', '13', '6', '10'), thresholds=(1, 39, 9, 42)
  validation: F_1/7=0.963459, good=18800, bad=688, missed=1939, trie_nodes=23710, objective=0.963117
/home/dev/hyph-bench/.venv/lib/python3.13/site-packages/sklearn/gaussian_process/kernels.py:450: ConvergenceWarning: The optimal value found for dimension 3 of parameter k1__length_scale is close to the specified upper bound 1000.0. Increasing the bound and calling fit again may find a better value.
  warnings.warn(
/home/dev/hyph-bench/.venv/lib/python3.13/site-packages/sklearn/gaussian_process/kernels.py:450: ConvergenceWarning: The optimal value found for dimension 4 of parameter k1__length_scale is close to the specified upper bound 1000.0. Increasing the bound and calling fit again may find a better value.
  warnings.warn(
/home/dev/hyph-bench/.venv/lib/python3.13/site-packages/sklearn/gaussian_process/kernels.py:450: ConvergenceWarning: The optimal value found for dimension 5 of parameter k1__length_scale is close to the specified upper bound 1000.0. Increasing the bound and calling fit again may find a better value.
  warnings.warn(
/home/dev/hyph-bench/.venv/lib/python3.13/site-packages/sklearn/gaussian_process/kernels.py:440: ConvergenceWarning: The optimal value found for dimension 0 of parameter k2__noise_level is close to the specified lower bound 0.0001. Decreasing the bound and calling fit again may find a better value.
  warnings.warn(
  Tested: weights=('23', '1/2', '26', '26'), thresholds=(42, 40, 34, 27)
  validation: F_1/7=0.974722, good=12721, bad=173, missed=8018, trie_nodes=1874, objective=0.974695
/home/dev/hyph-bench/.venv/lib/python3.13/site-packages/sklearn/gaussian_process/kernels.py:450: ConvergenceWarning: The optimal value found for dimension 3 of parameter k1__length_scale is close to the specified upper bound 1000.0. Increasing the bound and calling fit again may find a better value.
  warnings.warn(
/home/dev/hyph-bench/.venv/lib/python3.13/site-packages/sklearn/gaussian_process/kernels.py:450: ConvergenceWarning: The optimal value found for dimension 5 of parameter k1__length_scale is close to the specified upper bound 1000.0. Increasing the bound and calling fit again may find a better value.
  warnings.warn(
/home/dev/hyph-bench/.venv/lib/python3.13/site-packages/sklearn/gaussian_process/kernels.py:450: ConvergenceWarning: The optimal value found for dimension 6 of parameter k1__length_scale is close to the specified upper bound 1000.0. Increasing the bound and calling fit again may find a better value.
  warnings.warn(
/home/dev/hyph-bench/.venv/lib/python3.13/site-packages/sklearn/gaussian_process/kernels.py:440: ConvergenceWarning: The optimal value found for dimension 0 of parameter k2__noise_level is close to the specified lower bound 0.0001. Decreasing the bound and calling fit again may find a better value.
  warnings.warn(
  Tested: weights=('1/4', '9', '1', '1/2'), thresholds=(38, 10, 37, 39)
  validation: F_1/7=0.903425, good=19185, bad=2061, missed=1554, trie_nodes=3185, objective=0.903379
/home/dev/hyph-bench/.venv/lib/python3.13/site-packages/sklearn/gaussian_process/kernels.py:450: ConvergenceWarning: The optimal value found for dimension 3 of parameter k1__length_scale is close to the specified upper bound 1000.0. Increasing the bound and calling fit again may find a better value.
  warnings.warn(
/home/dev/hyph-bench/.venv/lib/python3.13/site-packages/sklearn/gaussian_process/kernels.py:440: ConvergenceWarning: The optimal value found for dimension 0 of parameter k2__noise_level is close to the specified lower bound 0.0001. Decreasing the bound and calling fit again may find a better value.
  warnings.warn(
  Tested: weights=('26', '18', '22', '20'), thresholds=(12, 19, 2, 2)
  validation: F_1/7=0.971220, good=18565, bad=517, missed=2174, trie_nodes=19549, objective=0.970938
/home/dev/hyph-bench/.venv/lib/python3.13/site-packages/sklearn/gaussian_process/kernels.py:450: ConvergenceWarning: The optimal value found for dimension 3 of parameter k1__length_scale is close to the specified upper bound 1000.0. Increasing the bound and calling fit again may find a better value.
  warnings.warn(
/home/dev/hyph-bench/.venv/lib/python3.13/site-packages/sklearn/gaussian_process/kernels.py:450: ConvergenceWarning: The optimal value found for dimension 5 of parameter k1__length_scale is close to the specified upper bound 1000.0. Increasing the bound and calling fit again may find a better value.
  warnings.warn(
/home/dev/hyph-bench/.venv/lib/python3.13/site-packages/sklearn/gaussian_process/kernels.py:450: ConvergenceWarning: The optimal value found for dimension 6 of parameter k1__length_scale is close to the specified upper bound 1000.0. Increasing the bound and calling fit again may find a better value.
  warnings.warn(
/home/dev/hyph-bench/.venv/lib/python3.13/site-packages/sklearn/gaussian_process/kernels.py:440: ConvergenceWarning: The optimal value found for dimension 0 of parameter k2__noise_level is close to the specified lower bound 0.0001. Decreasing the bound and calling fit again may find a better value.
  warnings.warn(
  Tested: weights=('1/5', '21', '30', '1/4'), thresholds=(17, 40, 38, 5)
  validation: F_1/7=0.966549, good=12082, bad=250, missed=8657, trie_nodes=3761, objective=0.966495
  Best so far: weights=('25', '1/5', '30', '15'), thresholds=(17, 1, 14, 25), score=0.980870, elapsed=285.5s

============================================================
Iteration 12/30
/home/dev/hyph-bench/.venv/lib/python3.13/site-packages/sklearn/gaussian_process/kernels.py:450: ConvergenceWarning: The optimal value found for dimension 3 of parameter k1__length_scale is close to the specified upper bound 1000.0. Increasing the bound and calling fit again may find a better value.
  warnings.warn(
/home/dev/hyph-bench/.venv/lib/python3.13/site-packages/sklearn/gaussian_process/kernels.py:450: ConvergenceWarning: The optimal value found for dimension 5 of parameter k1__length_scale is close to the specified upper bound 1000.0. Increasing the bound and calling fit again may find a better value.
  warnings.warn(
/home/dev/hyph-bench/.venv/lib/python3.13/site-packages/sklearn/gaussian_process/kernels.py:450: ConvergenceWarning: The optimal value found for dimension 6 of parameter k1__length_scale is close to the specified upper bound 1000.0. Increasing the bound and calling fit again may find a better value.
  warnings.warn(
/home/dev/hyph-bench/.venv/lib/python3.13/site-packages/sklearn/gaussian_process/kernels.py:440: ConvergenceWarning: The optimal value found for dimension 0 of parameter k2__noise_level is close to the specified lower bound 0.0001. Decreasing the bound and calling fit again may find a better value.
  warnings.warn(
  Tested: weights=('27', '28', '19', '6'), thresholds=(1, 31, 5, 38)
  validation: F_1/7=0.966425, good=18623, bad=617, missed=2116, trie_nodes=25731, objective=0.966055
/home/dev/hyph-bench/.venv/lib/python3.13/site-packages/sklearn/gaussian_process/kernels.py:450: ConvergenceWarning: The optimal value found for dimension 3 of parameter k1__length_scale is close to the specified upper bound 1000.0. Increasing the bound and calling fit again may find a better value.
  warnings.warn(
/home/dev/hyph-bench/.venv/lib/python3.13/site-packages/sklearn/gaussian_process/kernels.py:450: ConvergenceWarning: The optimal value found for dimension 5 of parameter k1__length_scale is close to the specified upper bound 1000.0. Increasing the bound and calling fit again may find a better value.
  warnings.warn(
/home/dev/hyph-bench/.venv/lib/python3.13/site-packages/sklearn/gaussian_process/kernels.py:450: ConvergenceWarning: The optimal value found for dimension 6 of parameter k1__length_scale is close to the specified upper bound 1000.0. Increasing the bound and calling fit again may find a better value.
  warnings.warn(
/home/dev/hyph-bench/.venv/lib/python3.13/site-packages/sklearn/gaussian_process/kernels.py:440: ConvergenceWarning: The optimal value found for dimension 0 of parameter k2__noise_level is close to the specified lower bound 0.0001. Decreasing the bound and calling fit again may find a better value.
  warnings.warn(
  Tested: weights=('20', '16', '5', '29'), thresholds=(11, 37, 40, 1)
  validation: F_1/7=0.978439, good=16115, bad=268, missed=4624, trie_nodes=6819, objective=0.978340
/home/dev/hyph-bench/.venv/lib/python3.13/site-packages/sklearn/gaussian_process/kernels.py:450: ConvergenceWarning: The optimal value found for dimension 3 of parameter k1__length_scale is close to the specified upper bound 1000.0. Increasing the bound and calling fit again may find a better value.
  warnings.warn(
/home/dev/hyph-bench/.venv/lib/python3.13/site-packages/sklearn/gaussian_process/kernels.py:450: ConvergenceWarning: The optimal value found for dimension 5 of parameter k1__length_scale is close to the specified upper bound 1000.0. Increasing the bound and calling fit again may find a better value.
  warnings.warn(
/home/dev/hyph-bench/.venv/lib/python3.13/site-packages/sklearn/gaussian_process/kernels.py:450: ConvergenceWarning: The optimal value found for dimension 6 of parameter k1__length_scale is close to the specified upper bound 1000.0. Increasing the bound and calling fit again may find a better value.
  warnings.warn(
/home/dev/hyph-bench/.venv/lib/python3.13/site-packages/sklearn/gaussian_process/kernels.py:440: ConvergenceWarning: The optimal value found for dimension 0 of parameter k2__noise_level is close to the specified lower bound 0.0001. Decreasing the bound and calling fit again may find a better value.
  warnings.warn(
  Tested: weights=('6', '1/3', '14', '9'), thresholds=(1, 1, 35, 14)
  validation: F_1/7=0.968948, good=18363, bad=552, missed=2376, trie_nodes=20244, objective=0.968656
/home/dev/hyph-bench/.venv/lib/python3.13/site-packages/sklearn/gaussian_process/kernels.py:450: ConvergenceWarning: The optimal value found for dimension 3 of parameter k1__length_scale is close to the specified upper bound 1000.0. Increasing the bound and calling fit again may find a better value.
  warnings.warn(
/home/dev/hyph-bench/.venv/lib/python3.13/site-packages/sklearn/gaussian_process/kernels.py:450: ConvergenceWarning: The optimal value found for dimension 5 of parameter k1__length_scale is close to the specified upper bound 1000.0. Increasing the bound and calling fit again may find a better value.
  warnings.warn(
/home/dev/hyph-bench/.venv/lib/python3.13/site-packages/sklearn/gaussian_process/kernels.py:450: ConvergenceWarning: The optimal value found for dimension 6 of parameter k1__length_scale is close to the specified upper bound 1000.0. Increasing the bound and calling fit again may find a better value.
  warnings.warn(
/home/dev/hyph-bench/.venv/lib/python3.13/site-packages/sklearn/gaussian_process/kernels.py:440: ConvergenceWarning: The optimal value found for dimension 0 of parameter k2__noise_level is close to the specified lower bound 0.0001. Decreasing the bound and calling fit again may find a better value.
  warnings.warn(
  Tested: weights=('21', '28', '23', '28'), thresholds=(31, 1, 2, 7)
  validation: F_1/7=0.971641, good=18634, bad=512, missed=2105, trie_nodes=19858, objective=0.971355
/home/dev/hyph-bench/.venv/lib/python3.13/site-packages/sklearn/gaussian_process/kernels.py:450: ConvergenceWarning: The optimal value found for dimension 3 of parameter k1__length_scale is close to the specified upper bound 1000.0. Increasing the bound and calling fit again may find a better value.
  warnings.warn(
/home/dev/hyph-bench/.venv/lib/python3.13/site-packages/sklearn/gaussian_process/kernels.py:450: ConvergenceWarning: The optimal value found for dimension 5 of parameter k1__length_scale is close to the specified upper bound 1000.0. Increasing the bound and calling fit again may find a better value.
  warnings.warn(
/home/dev/hyph-bench/.venv/lib/python3.13/site-packages/sklearn/gaussian_process/kernels.py:450: ConvergenceWarning: The optimal value found for dimension 6 of parameter k1__length_scale is close to the specified upper bound 1000.0. Increasing the bound and calling fit again may find a better value.
  warnings.warn(
/home/dev/hyph-bench/.venv/lib/python3.13/site-packages/sklearn/gaussian_process/kernels.py:440: ConvergenceWarning: The optimal value found for dimension 0 of parameter k2__noise_level is close to the specified lower bound 0.0001. Decreasing the bound and calling fit again may find a better value.
  warnings.warn(
  Tested: weights=('1/4', '1', '30', '1/4'), thresholds=(40, 10, 13, 27)
  validation: F_1/7=0.950905, good=17584, bad=862, missed=3155, trie_nodes=3536, objective=0.950854
  Best so far: weights=('25', '1/5', '30', '15'), thresholds=(17, 1, 14, 25), score=0.980870, elapsed=322.9s

============================================================
Iteration 13/30
/home/dev/hyph-bench/.venv/lib/python3.13/site-packages/sklearn/gaussian_process/kernels.py:450: ConvergenceWarning: The optimal value found for dimension 3 of parameter k1__length_scale is close to the specified upper bound 1000.0. Increasing the bound and calling fit again may find a better value.
  warnings.warn(
/home/dev/hyph-bench/.venv/lib/python3.13/site-packages/sklearn/gaussian_process/kernels.py:450: ConvergenceWarning: The optimal value found for dimension 5 of parameter k1__length_scale is close to the specified upper bound 1000.0. Increasing the bound and calling fit again may find a better value.
  warnings.warn(
/home/dev/hyph-bench/.venv/lib/python3.13/site-packages/sklearn/gaussian_process/kernels.py:450: ConvergenceWarning: The optimal value found for dimension 6 of parameter k1__length_scale is close to the specified upper bound 1000.0. Increasing the bound and calling fit again may find a better value.
  warnings.warn(
/home/dev/hyph-bench/.venv/lib/python3.13/site-packages/sklearn/gaussian_process/kernels.py:440: ConvergenceWarning: The optimal value found for dimension 0 of parameter k2__noise_level is close to the specified lower bound 0.0001. Decreasing the bound and calling fit again may find a better value.
  warnings.warn(
  Tested: weights=('30', '5', '17', '16'), thresholds=(33, 27, 40, 19)
  validation: F_1/7=0.975489, good=12970, bad=174, missed=7769, trie_nodes=2009, objective=0.975460
/home/dev/hyph-bench/.venv/lib/python3.13/site-packages/sklearn/gaussian_process/kernels.py:450: ConvergenceWarning: The optimal value found for dimension 3 of parameter k1__length_scale is close to the specified upper bound 1000.0. Increasing the bound and calling fit again may find a better value.
  warnings.warn(
/home/dev/hyph-bench/.venv/lib/python3.13/site-packages/sklearn/gaussian_process/kernels.py:450: ConvergenceWarning: The optimal value found for dimension 5 of parameter k1__length_scale is close to the specified upper bound 1000.0. Increasing the bound and calling fit again may find a better value.
  warnings.warn(
/home/dev/hyph-bench/.venv/lib/python3.13/site-packages/sklearn/gaussian_process/kernels.py:450: ConvergenceWarning: The optimal value found for dimension 6 of parameter k1__length_scale is close to the specified upper bound 1000.0. Increasing the bound and calling fit again may find a better value.
  warnings.warn(
/home/dev/hyph-bench/.venv/lib/python3.13/site-packages/sklearn/gaussian_process/kernels.py:440: ConvergenceWarning: The optimal value found for dimension 0 of parameter k2__noise_level is close to the specified lower bound 0.0001. Decreasing the bound and calling fit again may find a better value.
  warnings.warn(
  Tested: weights=('26', '12', '1/3', '1/4'), thresholds=(2, 42, 1, 11)
  validation: F_1/7=0.955089, good=14801, bad=589, missed=5938, trie_nodes=19757, objective=0.954804
/home/dev/hyph-bench/.venv/lib/python3.13/site-packages/sklearn/gaussian_process/kernels.py:450: ConvergenceWarning: The optimal value found for dimension 3 of parameter k1__length_scale is close to the specified upper bound 1000.0. Increasing the bound and calling fit again may find a better value.
  warnings.warn(
/home/dev/hyph-bench/.venv/lib/python3.13/site-packages/sklearn/gaussian_process/kernels.py:450: ConvergenceWarning: The optimal value found for dimension 4 of parameter k1__length_scale is close to the specified upper bound 1000.0. Increasing the bound and calling fit again may find a better value.
  warnings.warn(
/home/dev/hyph-bench/.venv/lib/python3.13/site-packages/sklearn/gaussian_process/kernels.py:450: ConvergenceWarning: The optimal value found for dimension 5 of parameter k1__length_scale is close to the specified upper bound 1000.0. Increasing the bound and calling fit again may find a better value.
  warnings.warn(
/home/dev/hyph-bench/.venv/lib/python3.13/site-packages/sklearn/gaussian_process/kernels.py:440: ConvergenceWarning: The optimal value found for dimension 0 of parameter k2__noise_level is close to the specified lower bound 0.0001. Decreasing the bound and calling fit again may find a better value.
  warnings.warn(
  Tested: weights=('15', '25', '30', '28'), thresholds=(2, 1, 9, 36)
  validation: F_1/7=0.970728, good=18333, bad=515, missed=2406, trie_nodes=16052, objective=0.970497
/home/dev/hyph-bench/.venv/lib/python3.13/site-packages/sklearn/gaussian_process/kernels.py:450: ConvergenceWarning: The optimal value found for dimension 3 of parameter k1__length_scale is close to the specified upper bound 1000.0. Increasing the bound and calling fit again may find a better value.
  warnings.warn(
/home/dev/hyph-bench/.venv/lib/python3.13/site-packages/sklearn/gaussian_process/kernels.py:450: ConvergenceWarning: The optimal value found for dimension 5 of parameter k1__length_scale is close to the specified upper bound 1000.0. Increasing the bound and calling fit again may find a better value.
  warnings.warn(
/home/dev/hyph-bench/.venv/lib/python3.13/site-packages/sklearn/gaussian_process/kernels.py:450: ConvergenceWarning: The optimal value found for dimension 6 of parameter k1__length_scale is close to the specified upper bound 1000.0. Increasing the bound and calling fit again may find a better value.
  warnings.warn(
/home/dev/hyph-bench/.venv/lib/python3.13/site-packages/sklearn/gaussian_process/kernels.py:440: ConvergenceWarning: The optimal value found for dimension 0 of parameter k2__noise_level is close to the specified lower bound 0.0001. Decreasing the bound and calling fit again may find a better value.
  warnings.warn(
  Tested: weights=('3', '18', '27', '22'), thresholds=(42, 30, 1, 6)
  validation: F_1/7=0.935612, good=19764, bad=1368, missed=975, trie_nodes=19890, objective=0.935325
/home/dev/hyph-bench/.venv/lib/python3.13/site-packages/sklearn/gaussian_process/kernels.py:450: ConvergenceWarning: The optimal value found for dimension 3 of parameter k1__length_scale is close to the specified upper bound 1000.0. Increasing the bound and calling fit again may find a better value.
  warnings.warn(
/home/dev/hyph-bench/.venv/lib/python3.13/site-packages/sklearn/gaussian_process/kernels.py:450: ConvergenceWarning: The optimal value found for dimension 5 of parameter k1__length_scale is close to the specified upper bound 1000.0. Increasing the bound and calling fit again may find a better value.
  warnings.warn(
/home/dev/hyph-bench/.venv/lib/python3.13/site-packages/sklearn/gaussian_process/kernels.py:450: ConvergenceWarning: The optimal value found for dimension 6 of parameter k1__length_scale is close to the specified upper bound 1000.0. Increasing the bound and calling fit again may find a better value.
  warnings.warn(
/home/dev/hyph-bench/.venv/lib/python3.13/site-packages/sklearn/gaussian_process/kernels.py:440: ConvergenceWarning: The optimal value found for dimension 0 of parameter k2__noise_level is close to the specified lower bound 0.0001. Decreasing the bound and calling fit again may find a better value.
  warnings.warn(
  Tested: weights=('1/3', '14', '1/4', '8'), thresholds=(12, 1, 28, 1)
  validation: F_1/7=0.938328, good=19700, bad=1300, missed=1039, trie_nodes=24481, objective=0.937976
  Best so far: weights=('25', '1/5', '30', '15'), thresholds=(17, 1, 14, 25), score=0.980870, elapsed=359.8s

============================================================
Iteration 14/30
/home/dev/hyph-bench/.venv/lib/python3.13/site-packages/sklearn/gaussian_process/kernels.py:450: ConvergenceWarning: The optimal value found for dimension 3 of parameter k1__length_scale is close to the specified upper bound 1000.0. Increasing the bound and calling fit again may find a better value.
  warnings.warn(
/home/dev/hyph-bench/.venv/lib/python3.13/site-packages/sklearn/gaussian_process/kernels.py:450: ConvergenceWarning: The optimal value found for dimension 5 of parameter k1__length_scale is close to the specified upper bound 1000.0. Increasing the bound and calling fit again may find a better value.
  warnings.warn(
/home/dev/hyph-bench/.venv/lib/python3.13/site-packages/sklearn/gaussian_process/kernels.py:450: ConvergenceWarning: The optimal value found for dimension 6 of parameter k1__length_scale is close to the specified upper bound 1000.0. Increasing the bound and calling fit again may find a better value.
  warnings.warn(
/home/dev/hyph-bench/.venv/lib/python3.13/site-packages/sklearn/gaussian_process/kernels.py:440: ConvergenceWarning: The optimal value found for dimension 0 of parameter k2__noise_level is close to the specified lower bound 0.0001. Decreasing the bound and calling fit again may find a better value.
  warnings.warn(
  Tested: weights=('28', '6', '30', '17'), thresholds=(42, 6, 40, 32)
  validation: F_1/7=0.974756, good=11941, bad=136, missed=8798, trie_nodes=1726, objective=0.974732
/home/dev/hyph-bench/.venv/lib/python3.13/site-packages/sklearn/gaussian_process/kernels.py:450: ConvergenceWarning: The optimal value found for dimension 5 of parameter k1__length_scale is close to the specified upper bound 1000.0. Increasing the bound and calling fit again may find a better value.
  warnings.warn(
/home/dev/hyph-bench/.venv/lib/python3.13/site-packages/sklearn/gaussian_process/kernels.py:440: ConvergenceWarning: The optimal value found for dimension 0 of parameter k2__noise_level is close to the specified lower bound 0.0001. Decreasing the bound and calling fit again may find a better value.
  warnings.warn(
  Tested: weights=('2', '26', '20', '27'), thresholds=(9, 35, 32, 39)
  validation: F_1/7=0.877330, good=19372, bad=2736, missed=1367, trie_nodes=3023, objective=0.877287
/home/dev/hyph-bench/.venv/lib/python3.13/site-packages/sklearn/gaussian_process/kernels.py:450: ConvergenceWarning: The optimal value found for dimension 5 of parameter k1__length_scale is close to the specified upper bound 1000.0. Increasing the bound and calling fit again may find a better value.
  warnings.warn(
/home/dev/hyph-bench/.venv/lib/python3.13/site-packages/sklearn/gaussian_process/kernels.py:450: ConvergenceWarning: The optimal value found for dimension 6 of parameter k1__length_scale is close to the specified upper bound 1000.0. Increasing the bound and calling fit again may find a better value.
  warnings.warn(
  Tested: weights=('1/2', '1/5', '1/4', '2'), thresholds=(17, 6, 3, 35)
  validation: F_1/7=0.847034, good=19094, bad=3485, missed=1645, trie_nodes=5793, objective=0.846950
/home/dev/hyph-bench/.venv/lib/python3.13/site-packages/sklearn/gaussian_process/kernels.py:450: ConvergenceWarning: The optimal value found for dimension 5 of parameter k1__length_scale is close to the specified upper bound 1000.0. Increasing the bound and calling fit again may find a better value.
  warnings.warn(
/home/dev/hyph-bench/.venv/lib/python3.13/site-packages/sklearn/gaussian_process/kernels.py:450: ConvergenceWarning: The optimal value found for dimension 6 of parameter k1__length_scale is close to the specified upper bound 1000.0. Increasing the bound and calling fit again may find a better value.
  warnings.warn(
  Tested: weights=('27', '23', '7', '3'), thresholds=(2, 3, 34, 3)
  validation: F_1/7=0.972858, good=17805, bad=447, missed=2934, trie_nodes=16003, objective=0.972628
/home/dev/hyph-bench/.venv/lib/python3.13/site-packages/sklearn/gaussian_process/kernels.py:450: ConvergenceWarning: The optimal value found for dimension 5 of parameter k1__length_scale is close to the specified upper bound 1000.0. Increasing the bound and calling fit again may find a better value.
  warnings.warn(
/home/dev/hyph-bench/.venv/lib/python3.13/site-packages/sklearn/gaussian_process/kernels.py:450: ConvergenceWarning: The optimal value found for dimension 6 of parameter k1__length_scale is close to the specified upper bound 1000.0. Increasing the bound and calling fit again may find a better value.
  warnings.warn(
  Tested: weights=('17', '1/2', '18', '1/3'), thresholds=(41, 23, 2, 2)
  validation: F_1/7=0.973030, good=18571, bad=481, missed=2168, trie_nodes=19875, objective=0.972744
  Best so far: weights=('25', '1/5', '30', '15'), thresholds=(17, 1, 14, 25), score=0.980870, elapsed=401.3s

============================================================
Iteration 15/30
/home/dev/hyph-bench/.venv/lib/python3.13/site-packages/sklearn/gaussian_process/kernels.py:450: ConvergenceWarning: The optimal value found for dimension 5 of parameter k1__length_scale is close to the specified upper bound 1000.0. Increasing the bound and calling fit again may find a better value.
  warnings.warn(
/home/dev/hyph-bench/.venv/lib/python3.13/site-packages/sklearn/gaussian_process/kernels.py:440: ConvergenceWarning: The optimal value found for dimension 0 of parameter k2__noise_level is close to the specified lower bound 0.0001. Decreasing the bound and calling fit again may find a better value.
  warnings.warn(
  Tested: weights=('28', '25', '28', '1/3'), thresholds=(20, 30, 30, 33)
  validation: F_1/7=0.977936, good=13890, bad=180, missed=6849, trie_nodes=2990, objective=0.977893
/home/dev/hyph-bench/.venv/lib/python3.13/site-packages/sklearn/gaussian_process/kernels.py:450: ConvergenceWarning: The optimal value found for dimension 5 of parameter k1__length_scale is close to the specified upper bound 1000.0. Increasing the bound and calling fit again may find a better value.
  warnings.warn(
/home/dev/hyph-bench/.venv/lib/python3.13/site-packages/sklearn/gaussian_process/kernels.py:440: ConvergenceWarning: The optimal value found for dimension 0 of parameter k2__noise_level is close to the specified lower bound 0.0001. Decreasing the bound and calling fit again may find a better value.
  warnings.warn(
  Tested: weights=('1/2', '1/5', '19', '4'), thresholds=(40, 4, 22, 40)
  validation: F_1/7=0.976022, good=15376, bad=276, missed=5363, trie_nodes=4234, objective=0.975961
/home/dev/hyph-bench/.venv/lib/python3.13/site-packages/sklearn/gaussian_process/kernels.py:450: ConvergenceWarning: The optimal value found for dimension 5 of parameter k1__length_scale is close to the specified upper bound 1000.0. Increasing the bound and calling fit again may find a better value.
  warnings.warn(
/home/dev/hyph-bench/.venv/lib/python3.13/site-packages/sklearn/gaussian_process/kernels.py:440: ConvergenceWarning: The optimal value found for dimension 0 of parameter k2__noise_level is close to the specified lower bound 0.0001. Decreasing the bound and calling fit again may find a better value.
  warnings.warn(
  Tested: weights=('2', '29', '26', '10'), thresholds=(14, 1, 41, 6)
  validation: F_1/7=0.946268, good=18714, bad=1043, missed=2025, trie_nodes=11462, objective=0.946103
/home/dev/hyph-bench/.venv/lib/python3.13/site-packages/sklearn/gaussian_process/kernels.py:450: ConvergenceWarning: The optimal value found for dimension 5 of parameter k1__length_scale is close to the specified upper bound 1000.0. Increasing the bound and calling fit again may find a better value.
  warnings.warn(
/home/dev/hyph-bench/.venv/lib/python3.13/site-packages/sklearn/gaussian_process/kernels.py:440: ConvergenceWarning: The optimal value found for dimension 0 of parameter k2__noise_level is close to the specified lower bound 0.0001. Decreasing the bound and calling fit again may find a better value.
  warnings.warn(
  Tested: weights=('17', '1/5', '7', '25'), thresholds=(11, 17, 9, 1)
  validation: F_1/7=0.978766, good=17117, bad=305, missed=3622, trie_nodes=8422, objective=0.978645
/home/dev/hyph-bench/.venv/lib/python3.13/site-packages/sklearn/gaussian_process/kernels.py:450: ConvergenceWarning: The optimal value found for dimension 5 of parameter k1__length_scale is close to the specified upper bound 1000.0. Increasing the bound and calling fit again may find a better value.
  warnings.warn(
/home/dev/hyph-bench/.venv/lib/python3.13/site-packages/sklearn/gaussian_process/kernels.py:440: ConvergenceWarning: The optimal value found for dimension 0 of parameter k2__noise_level is close to the specified lower bound 0.0001. Decreasing the bound and calling fit again may find a better value.
  warnings.warn(
  Tested: weights=('13', '8', '13', '1/4'), thresholds=(31, 42, 2, 16)
  validation: F_1/7=0.969425, good=18715, bad=561, missed=2024, trie_nodes=16869, objective=0.969182
  Best so far: weights=('25', '1/5', '30', '15'), thresholds=(17, 1, 14, 25), score=0.980870, elapsed=440.4s

============================================================
Iteration 16/30
/home/dev/hyph-bench/.venv/lib/python3.13/site-packages/sklearn/gaussian_process/kernels.py:450: ConvergenceWarning: The optimal value found for dimension 5 of parameter k1__length_scale is close to the specified upper bound 1000.0. Increasing the bound and calling fit again may find a better value.
  warnings.warn(
/home/dev/hyph-bench/.venv/lib/python3.13/site-packages/sklearn/gaussian_process/kernels.py:440: ConvergenceWarning: The optimal value found for dimension 0 of parameter k2__noise_level is close to the specified lower bound 0.0001. Decreasing the bound and calling fit again may find a better value.
  warnings.warn(
  Tested: weights=('20', '30', '29', '18'), thresholds=(25, 42, 36, 23)
  validation: F_1/7=0.975507, good=13801, bad=212, missed=6938, trie_nodes=2434, objective=0.975472
/home/dev/hyph-bench/.venv/lib/python3.13/site-packages/sklearn/gaussian_process/kernels.py:450: ConvergenceWarning: The optimal value found for dimension 5 of parameter k1__length_scale is close to the specified upper bound 1000.0. Increasing the bound and calling fit again may find a better value.
  warnings.warn(
/home/dev/hyph-bench/.venv/lib/python3.13/site-packages/sklearn/gaussian_process/kernels.py:440: ConvergenceWarning: The optimal value found for dimension 0 of parameter k2__noise_level is close to the specified lower bound 0.0001. Decreasing the bound and calling fit again may find a better value.
  warnings.warn(
  Tested: weights=('24', '1/3', '17', '4'), thresholds=(12, 29, 11, 42)
  validation: F_1/7=0.978136, good=16041, bad=270, missed=4698, trie_nodes=5370, objective=0.978059
/home/dev/hyph-bench/.venv/lib/python3.13/site-packages/sklearn/gaussian_process/kernels.py:450: ConvergenceWarning: The optimal value found for dimension 5 of parameter k1__length_scale is close to the specified upper bound 1000.0. Increasing the bound and calling fit again may find a better value.
  warnings.warn(
/home/dev/hyph-bench/.venv/lib/python3.13/site-packages/sklearn/gaussian_process/kernels.py:440: ConvergenceWarning: The optimal value found for dimension 0 of parameter k2__noise_level is close to the specified lower bound 0.0001. Decreasing the bound and calling fit again may find a better value.
  warnings.warn(
  Tested: weights=('17', '16', '13', '27'), thresholds=(40, 1, 22, 1)
  validation: F_1/7=0.979104, good=14608, bad=193, missed=6131, trie_nodes=4611, objective=0.979038
/home/dev/hyph-bench/.venv/lib/python3.13/site-packages/sklearn/gaussian_process/kernels.py:450: ConvergenceWarning: The optimal value found for dimension 5 of parameter k1__length_scale is close to the specified upper bound 1000.0. Increasing the bound and calling fit again may find a better value.
  warnings.warn(
/home/dev/hyph-bench/.venv/lib/python3.13/site-packages/sklearn/gaussian_process/kernels.py:440: ConvergenceWarning: The optimal value found for dimension 0 of parameter k2__noise_level is close to the specified lower bound 0.0001. Decreasing the bound and calling fit again may find a better value.
  warnings.warn(
  Tested: weights=('9', '29', '8', '1/3'), thresholds=(18, 20, 2, 8)
  validation: F_1/7=0.968267, good=18779, bad=588, missed=1960, trie_nodes=15005, objective=0.968051
/home/dev/hyph-bench/.venv/lib/python3.13/site-packages/sklearn/gaussian_process/kernels.py:450: ConvergenceWarning: The optimal value found for dimension 5 of parameter k1__length_scale is close to the specified upper bound 1000.0. Increasing the bound and calling fit again may find a better value.
  warnings.warn(
/home/dev/hyph-bench/.venv/lib/python3.13/site-packages/sklearn/gaussian_process/kernels.py:440: ConvergenceWarning: The optimal value found for dimension 0 of parameter k2__noise_level is close to the specified lower bound 0.0001. Decreasing the bound and calling fit again may find a better value.
  warnings.warn(
  Tested: weights=('27', '6', '30', '1/3'), thresholds=(5, 5, 39, 4)
  validation: F_1/7=0.977604, good=16564, bad=302, missed=4175, trie_nodes=8608, objective=0.977480
  Best so far: weights=('25', '1/5', '30', '15'), thresholds=(17, 1, 14, 25), score=0.980870, elapsed=470.1s

============================================================
Iteration 17/30
/home/dev/hyph-bench/.venv/lib/python3.13/site-packages/sklearn/gaussian_process/kernels.py:450: ConvergenceWarning: The optimal value found for dimension 5 of parameter k1__length_scale is close to the specified upper bound 1000.0. Increasing the bound and calling fit again may find a better value.
  warnings.warn(
/home/dev/hyph-bench/.venv/lib/python3.13/site-packages/sklearn/gaussian_process/kernels.py:440: ConvergenceWarning: The optimal value found for dimension 0 of parameter k2__noise_level is close to the specified lower bound 0.0001. Decreasing the bound and calling fit again may find a better value.
  warnings.warn(
  Tested: weights=('29', '13', '30', '3'), thresholds=(27, 2, 15, 42)
  validation: F_1/7=0.979507, good=14734, bad=192, missed=6005, trie_nodes=4035, objective=0.979449
/home/dev/hyph-bench/.venv/lib/python3.13/site-packages/sklearn/gaussian_process/kernels.py:450: ConvergenceWarning: The optimal value found for dimension 5 of parameter k1__length_scale is close to the specified upper bound 1000.0. Increasing the bound and calling fit again may find a better value.
  warnings.warn(
/home/dev/hyph-bench/.venv/lib/python3.13/site-packages/sklearn/gaussian_process/kernels.py:440: ConvergenceWarning: The optimal value found for dimension 0 of parameter k2__noise_level is close to the specified lower bound 0.0001. Decreasing the bound and calling fit again may find a better value.
  warnings.warn(
  Tested: weights=('26', '5', '15', '30'), thresholds=(5, 32, 17, 37)
  validation: F_1/7=0.976359, good=16984, bad=343, missed=3755, trie_nodes=8606, objective=0.976235
/home/dev/hyph-bench/.venv/lib/python3.13/site-packages/sklearn/gaussian_process/kernels.py:450: ConvergenceWarning: The optimal value found for dimension 5 of parameter k1__length_scale is close to the specified upper bound 1000.0. Increasing the bound and calling fit again may find a better value.
  warnings.warn(
/home/dev/hyph-bench/.venv/lib/python3.13/site-packages/sklearn/gaussian_process/kernels.py:440: ConvergenceWarning: The optimal value found for dimension 0 of parameter k2__noise_level is close to the specified lower bound 0.0001. Decreasing the bound and calling fit again may find a better value.
  warnings.warn(
  Tested: weights=('19', '2', '30', '1/5'), thresholds=(30, 39, 41, 13)
  validation: F_1/7=0.977346, good=13351, bad=165, missed=7388, trie_nodes=2232, objective=0.977314
/home/dev/hyph-bench/.venv/lib/python3.13/site-packages/sklearn/gaussian_process/kernels.py:450: ConvergenceWarning: The optimal value found for dimension 5 of parameter k1__length_scale is close to the specified upper bound 1000.0. Increasing the bound and calling fit again may find a better value.
  warnings.warn(
/home/dev/hyph-bench/.venv/lib/python3.13/site-packages/sklearn/gaussian_process/kernels.py:440: ConvergenceWarning: The optimal value found for dimension 0 of parameter k2__noise_level is close to the specified lower bound 0.0001. Decreasing the bound and calling fit again may find a better value.
  warnings.warn(
  Tested: weights=('13', '30', '24', '7'), thresholds=(2, 9, 32, 22)
  validation: F_1/7=0.966200, good=18274, bad=602, missed=2465, trie_nodes=14001, objective=0.965999
/home/dev/hyph-bench/.venv/lib/python3.13/site-packages/sklearn/gaussian_process/kernels.py:450: ConvergenceWarning: The optimal value found for dimension 5 of parameter k1__length_scale is close to the specified upper bound 1000.0. Increasing the bound and calling fit again may find a better value.
  warnings.warn(
/home/dev/hyph-bench/.venv/lib/python3.13/site-packages/sklearn/gaussian_process/kernels.py:440: ConvergenceWarning: The optimal value found for dimension 0 of parameter k2__noise_level is close to the specified lower bound 0.0001. Decreasing the bound and calling fit again may find a better value.
  warnings.warn(
  Tested: weights=('2', '23', '16', '1/5'), thresholds=(40, 3, 3, 4)
  validation: F_1/7=0.975531, good=16787, bad=349, missed=3952, trie_nodes=11288, objective=0.975368
  Best so far: weights=('25', '1/5', '30', '15'), thresholds=(17, 1, 14, 25), score=0.980870, elapsed=500.1s

============================================================
Iteration 18/30
/home/dev/hyph-bench/.venv/lib/python3.13/site-packages/sklearn/gaussian_process/kernels.py:450: ConvergenceWarning: The optimal value found for dimension 5 of parameter k1__length_scale is close to the specified upper bound 1000.0. Increasing the bound and calling fit again may find a better value.
  warnings.warn(
/home/dev/hyph-bench/.venv/lib/python3.13/site-packages/sklearn/gaussian_process/kernels.py:440: ConvergenceWarning: The optimal value found for dimension 0 of parameter k2__noise_level is close to the specified lower bound 0.0001. Decreasing the bound and calling fit again may find a better value.
  warnings.warn(
  Tested: weights=('14', '1/5', '8', '30'), thresholds=(34, 4, 20, 17)
  validation: F_1/7=0.978485, good=15270, bad=231, missed=5469, trie_nodes=3838, objective=0.978430
/home/dev/hyph-bench/.venv/lib/python3.13/site-packages/sklearn/gaussian_process/kernels.py:450: ConvergenceWarning: The optimal value found for dimension 5 of parameter k1__length_scale is close to the specified upper bound 1000.0. Increasing the bound and calling fit again may find a better value.
  warnings.warn(
/home/dev/hyph-bench/.venv/lib/python3.13/site-packages/sklearn/gaussian_process/kernels.py:440: ConvergenceWarning: The optimal value found for dimension 0 of parameter k2__noise_level is close to the specified lower bound 0.0001. Decreasing the bound and calling fit again may find a better value.
  warnings.warn(
  Tested: weights=('11', '5', '17', '1/3'), thresholds=(9, 2, 40, 41)
  validation: F_1/7=0.973928, good=16852, bad=381, missed=3887, trie_nodes=5213, objective=0.973853
/home/dev/hyph-bench/.venv/lib/python3.13/site-packages/sklearn/gaussian_process/kernels.py:450: ConvergenceWarning: The optimal value found for dimension 5 of parameter k1__length_scale is close to the specified upper bound 1000.0. Increasing the bound and calling fit again may find a better value.
  warnings.warn(
/home/dev/hyph-bench/.venv/lib/python3.13/site-packages/sklearn/gaussian_process/kernels.py:440: ConvergenceWarning: The optimal value found for dimension 0 of parameter k2__noise_level is close to the specified lower bound 0.0001. Decreasing the bound and calling fit again may find a better value.
  warnings.warn(
  Tested: weights=('29', '1/5', '7', '21'), thresholds=(7, 40, 37, 4)
  validation: F_1/7=0.977316, good=16403, bad=300, missed=4336, trie_nodes=6746, objective=0.977219
/home/dev/hyph-bench/.venv/lib/python3.13/site-packages/sklearn/gaussian_process/kernels.py:450: ConvergenceWarning: The optimal value found for dimension 5 of parameter k1__length_scale is close to the specified upper bound 1000.0. Increasing the bound and calling fit again may find a better value.
  warnings.warn(
  Tested: weights=('19', '25', '19', '3'), thresholds=(41, 23, 7, 23)
  validation: F_1/7=0.976423, good=17010, bad=343, missed=3729, trie_nodes=6872, objective=0.976324
/home/dev/hyph-bench/.venv/lib/python3.13/site-packages/sklearn/gaussian_process/kernels.py:450: ConvergenceWarning: The optimal value found for dimension 5 of parameter k1__length_scale is close to the specified upper bound 1000.0. Increasing the bound and calling fit again may find a better value.
  warnings.warn(
  Tested: weights=('20', '30', '6', '17'), thresholds=(1, 7, 2, 2)
  validation: F_1/7=0.963702, good=19157, bad=704, missed=1582, trie_nodes=27072, objective=0.963311
  Best so far: weights=('25', '1/5', '30', '15'), thresholds=(17, 1, 14, 25), score=0.980870, elapsed=533.9s

============================================================
Iteration 19/30
/home/dev/hyph-bench/.venv/lib/python3.13/site-packages/sklearn/gaussian_process/kernels.py:450: ConvergenceWarning: The optimal value found for dimension 5 of parameter k1__length_scale is close to the specified upper bound 1000.0. Increasing the bound and calling fit again may find a better value.
  warnings.warn(
/home/dev/hyph-bench/.venv/lib/python3.13/site-packages/sklearn/gaussian_process/kernels.py:450: ConvergenceWarning: The optimal value found for dimension 6 of parameter k1__length_scale is close to the specified upper bound 1000.0. Increasing the bound and calling fit again may find a better value.
  warnings.warn(
  Tested: weights=('30', '9', '11', '25'), thresholds=(32, 40, 36, 42)
  validation: F_1/7=0.974597, good=13727, bad=222, missed=7012, trie_nodes=2128, objective=0.974566
/home/dev/hyph-bench/.venv/lib/python3.13/site-packages/sklearn/gaussian_process/kernels.py:450: ConvergenceWarning: The optimal value found for dimension 3 of parameter k1__length_scale is close to the specified upper bound 1000.0. Increasing the bound and calling fit again may find a better value.
  warnings.warn(
/home/dev/hyph-bench/.venv/lib/python3.13/site-packages/sklearn/gaussian_process/kernels.py:450: ConvergenceWarning: The optimal value found for dimension 6 of parameter k1__length_scale is close to the specified upper bound 1000.0. Increasing the bound and calling fit again may find a better value.
  warnings.warn(
/home/dev/hyph-bench/.venv/lib/python3.13/site-packages/sklearn/gaussian_process/kernels.py:440: ConvergenceWarning: The optimal value found for dimension 0 of parameter k2__noise_level is close to the specified lower bound 0.0001. Decreasing the bound and calling fit again may find a better value.
  warnings.warn(
  Tested: weights=('29', '1/2', '19', '1'), thresholds=(2, 3, 15, 39)
  validation: F_1/7=0.973909, good=17787, bad=426, missed=2952, trie_nodes=16431, objective=0.973672
/home/dev/hyph-bench/.venv/lib/python3.13/site-packages/sklearn/gaussian_process/kernels.py:450: ConvergenceWarning: The optimal value found for dimension 5 of parameter k1__length_scale is close to the specified upper bound 1000.0. Increasing the bound and calling fit again may find a better value.
  warnings.warn(
  Tested: weights=('8', '1/5', '6', '30'), thresholds=(2, 13, 39, 2)
  validation: F_1/7=0.970827, good=18195, bad=506, missed=2544, trie_nodes=13244, objective=0.970636
/home/dev/hyph-bench/.venv/lib/python3.13/site-packages/sklearn/gaussian_process/kernels.py:450: ConvergenceWarning: The optimal value found for dimension 5 of parameter k1__length_scale is close to the specified upper bound 1000.0. Increasing the bound and calling fit again may find a better value.
  warnings.warn(
/home/dev/hyph-bench/.venv/lib/python3.13/site-packages/sklearn/gaussian_process/kernels.py:440: ConvergenceWarning: The optimal value found for dimension 0 of parameter k2__noise_level is close to the specified lower bound 0.0001. Decreasing the bound and calling fit again may find a better value.
  warnings.warn(
  Tested: weights=('29', '29', '30', '8'), thresholds=(36, 9, 39, 18)
  validation: F_1/7=0.975061, good=12283, bad=148, missed=8456, trie_nodes=1895, objective=0.975034
/home/dev/hyph-bench/.venv/lib/python3.13/site-packages/sklearn/gaussian_process/kernels.py:450: ConvergenceWarning: The optimal value found for dimension 1 of parameter k1__length_scale is close to the specified upper bound 1000.0. Increasing the bound and calling fit again may find a better value.
  warnings.warn(
/home/dev/hyph-bench/.venv/lib/python3.13/site-packages/sklearn/gaussian_process/kernels.py:450: ConvergenceWarning: The optimal value found for dimension 4 of parameter k1__length_scale is close to the specified upper bound 1000.0. Increasing the bound and calling fit again may find a better value.
  warnings.warn(
/home/dev/hyph-bench/.venv/lib/python3.13/site-packages/sklearn/gaussian_process/kernels.py:450: ConvergenceWarning: The optimal value found for dimension 7 of parameter k1__length_scale is close to the specified upper bound 1000.0. Increasing the bound and calling fit again may find a better value.
  warnings.warn(
/home/dev/hyph-bench/.venv/lib/python3.13/site-packages/sklearn/gaussian_process/kernels.py:440: ConvergenceWarning: The optimal value found for dimension 0 of parameter k2__noise_level is close to the specified lower bound 0.0001. Decreasing the bound and calling fit again may find a better value.
  warnings.warn(
  Tested: weights=('14', '20', '29', '1/5'), thresholds=(13, 16, 1, 3)
  validation: F_1/7=0.966617, good=18729, bad=619, missed=2010, trie_nodes=29779, objective=0.966188
  Best so far: weights=('25', '1/5', '30', '15'), thresholds=(17, 1, 14, 25), score=0.980870, elapsed=571.7s

============================================================
Iteration 20/30
/home/dev/hyph-bench/.venv/lib/python3.13/site-packages/sklearn/gaussian_process/kernels.py:450: ConvergenceWarning: The optimal value found for dimension 5 of parameter k1__length_scale is close to the specified upper bound 1000.0. Increasing the bound and calling fit again may find a better value.
  warnings.warn(
  Tested: weights=('30', '4', '28', '25'), thresholds=(27, 42, 17, 22)
  validation: F_1/7=0.978175, good=14412, bad=199, missed=6327, trie_nodes=3514, objective=0.978124
/home/dev/hyph-bench/.venv/lib/python3.13/site-packages/sklearn/gaussian_process/kernels.py:450: ConvergenceWarning: The optimal value found for dimension 5 of parameter k1__length_scale is close to the specified upper bound 1000.0. Increasing the bound and calling fit again may find a better value.
  warnings.warn(
/home/dev/hyph-bench/.venv/lib/python3.13/site-packages/sklearn/gaussian_process/kernels.py:440: ConvergenceWarning: The optimal value found for dimension 0 of parameter k2__noise_level is close to the specified lower bound 0.0001. Decreasing the bound and calling fit again may find a better value.
  warnings.warn(
  Tested: weights=('25', '28', '24', '25'), thresholds=(8, 4, 37, 42)
  validation: F_1/7=0.977729, good=15973, bad=274, missed=4766, trie_nodes=5945, objective=0.977643
/home/dev/hyph-bench/.venv/lib/python3.13/site-packages/sklearn/gaussian_process/kernels.py:450: ConvergenceWarning: The optimal value found for dimension 5 of parameter k1__length_scale is close to the specified upper bound 1000.0. Increasing the bound and calling fit again may find a better value.
  warnings.warn(
/home/dev/hyph-bench/.venv/lib/python3.13/site-packages/sklearn/gaussian_process/kernels.py:440: ConvergenceWarning: The optimal value found for dimension 0 of parameter k2__noise_level is close to the specified lower bound 0.0001. Decreasing the bound and calling fit again may find a better value.
  warnings.warn(
  Tested: weights=('16', '1/4', '10', '2'), thresholds=(3, 15, 5, 41)
  validation: F_1/7=0.973116, good=18339, bad=468, missed=2400, trie_nodes=12628, objective=0.972934
/home/dev/hyph-bench/.venv/lib/python3.13/site-packages/sklearn/gaussian_process/kernels.py:450: ConvergenceWarning: The optimal value found for dimension 5 of parameter k1__length_scale is close to the specified upper bound 1000.0. Increasing the bound and calling fit again may find a better value.
  warnings.warn(
/home/dev/hyph-bench/.venv/lib/python3.13/site-packages/sklearn/gaussian_process/kernels.py:440: ConvergenceWarning: The optimal value found for dimension 0 of parameter k2__noise_level is close to the specified lower bound 0.0001. Decreasing the bound and calling fit again may find a better value.
  warnings.warn(
  Tested: weights=('1/5', '30', '10', '5'), thresholds=(37, 7, 37, 1)
  validation: F_1/7=0.941801, good=19676, bad=1219, missed=1063, trie_nodes=22237, objective=0.941481
/home/dev/hyph-bench/.venv/lib/python3.13/site-packages/sklearn/gaussian_process/kernels.py:450: ConvergenceWarning: The optimal value found for dimension 5 of parameter k1__length_scale is close to the specified upper bound 1000.0. Increasing the bound and calling fit again may find a better value.
  warnings.warn(
/home/dev/hyph-bench/.venv/lib/python3.13/site-packages/sklearn/gaussian_process/kernels.py:440: ConvergenceWarning: The optimal value found for dimension 0 of parameter k2__noise_level is close to the specified lower bound 0.0001. Decreasing the bound and calling fit again may find a better value.
  warnings.warn(
  Tested: weights=('24', '26', '13', '1/3'), thresholds=(6, 37, 21, 3)
  validation: F_1/7=0.979672, good=16600, bad=267, missed=4139, trie_nodes=8714, objective=0.979547
  Best so far: weights=('25', '1/5', '30', '15'), thresholds=(17, 1, 14, 25), score=0.980870, elapsed=609.5s

============================================================
Iteration 21/30
/home/dev/hyph-bench/.venv/lib/python3.13/site-packages/sklearn/gaussian_process/kernels.py:450: ConvergenceWarning: The optimal value found for dimension 5 of parameter k1__length_scale is close to the specified upper bound 1000.0. Increasing the bound and calling fit again may find a better value.
  warnings.warn(
/home/dev/hyph-bench/.venv/lib/python3.13/site-packages/sklearn/gaussian_process/kernels.py:440: ConvergenceWarning: The optimal value found for dimension 0 of parameter k2__noise_level is close to the specified lower bound 0.0001. Decreasing the bound and calling fit again may find a better value.
  warnings.warn(
  Tested: weights=('26', '27', '12', '8'), thresholds=(32, 41, 42, 18)
  validation: F_1/7=0.975108, good=13351, bad=197, missed=7388, trie_nodes=2049, objective=0.975078
/home/dev/hyph-bench/.venv/lib/python3.13/site-packages/sklearn/gaussian_process/kernels.py:450: ConvergenceWarning: The optimal value found for dimension 5 of parameter k1__length_scale is close to the specified upper bound 1000.0. Increasing the bound and calling fit again may find a better value.
  warnings.warn(
  Tested: weights=('21', '14', '18', '13'), thresholds=(3, 24, 1, 38)
  validation: F_1/7=0.961830, good=19133, bad=742, missed=1606, trie_nodes=30173, objective=0.961395
/home/dev/hyph-bench/.venv/lib/python3.13/site-packages/sklearn/gaussian_process/kernels.py:450: ConvergenceWarning: The optimal value found for dimension 5 of parameter k1__length_scale is close to the specified upper bound 1000.0. Increasing the bound and calling fit again may find a better value.
  warnings.warn(
/home/dev/hyph-bench/.venv/lib/python3.13/site-packages/sklearn/gaussian_process/kernels.py:440: ConvergenceWarning: The optimal value found for dimension 0 of parameter k2__noise_level is close to the specified lower bound 0.0001. Decreasing the bound and calling fit again may find a better value.
  warnings.warn(
  Tested: weights=('10', '1/4', '23', '29'), thresholds=(41, 5, 32, 6)
  validation: F_1/7=0.977904, good=14086, bad=189, missed=6653, trie_nodes=2273, objective=0.977871
/home/dev/hyph-bench/.venv/lib/python3.13/site-packages/sklearn/gaussian_process/kernels.py:450: ConvergenceWarning: The optimal value found for dimension 5 of parameter k1__length_scale is close to the specified upper bound 1000.0. Increasing the bound and calling fit again may find a better value.
  warnings.warn(
  Tested: weights=('28', '1', '7', '1/4'), thresholds=(9, 4, 41, 32)
  validation: F_1/7=0.978467, good=15963, bad=261, missed=4776, trie_nodes=5530, objective=0.978387
  Tested: weights=('1/4', '1/3', '14', '6'), thresholds=(37, 40, 2, 8)
  validation: F_1/7=0.945592, good=19252, bad=1100, missed=1487, trie_nodes=14035, objective=0.945389
  Best so far: weights=('25', '1/5', '30', '15'), thresholds=(17, 1, 14, 25), score=0.980870, elapsed=648.8s

============================================================
Iteration 22/30
/home/dev/hyph-bench/.venv/lib/python3.13/site-packages/sklearn/gaussian_process/kernels.py:450: ConvergenceWarning: The optimal value found for dimension 5 of parameter k1__length_scale is close to the specified upper bound 1000.0. Increasing the bound and calling fit again may find a better value.
  warnings.warn(
  Tested: weights=('30', '18', '22', '13'), thresholds=(21, 1, 40, 27)
  validation: F_1/7=0.978870, good=13603, bad=154, missed=7136, trie_nodes=3397, objective=0.978821
/home/dev/hyph-bench/.venv/lib/python3.13/site-packages/sklearn/gaussian_process/kernels.py:450: ConvergenceWarning: The optimal value found for dimension 5 of parameter k1__length_scale is close to the specified upper bound 1000.0. Increasing the bound and calling fit again may find a better value.
  warnings.warn(
/home/dev/hyph-bench/.venv/lib/python3.13/site-packages/sklearn/gaussian_process/kernels.py:440: ConvergenceWarning: The optimal value found for dimension 0 of parameter k2__noise_level is close to the specified lower bound 0.0001. Decreasing the bound and calling fit again may find a better value.
  warnings.warn(
  Tested: weights=('22', '2', '8', '16'), thresholds=(41, 24, 9, 42)
  validation: F_1/7=0.972935, good=17200, bad=416, missed=3539, trie_nodes=5276, objective=0.972859
/home/dev/hyph-bench/.venv/lib/python3.13/site-packages/sklearn/gaussian_process/kernels.py:450: ConvergenceWarning: The optimal value found for dimension 5 of parameter k1__length_scale is close to the specified upper bound 1000.0. Increasing the bound and calling fit again may find a better value.
  warnings.warn(
/home/dev/hyph-bench/.venv/lib/python3.13/site-packages/sklearn/gaussian_process/kernels.py:440: ConvergenceWarning: The optimal value found for dimension 0 of parameter k2__noise_level is close to the specified lower bound 0.0001. Decreasing the bound and calling fit again may find a better value.
  warnings.warn(
  Tested: weights=('19', '1/3', '28', '25'), thresholds=(2, 40, 22, 6)
  validation: F_1/7=0.971802, good=17939, bad=474, missed=2800, trie_nodes=15294, objective=0.971582
/home/dev/hyph-bench/.venv/lib/python3.13/site-packages/sklearn/gaussian_process/kernels.py:450: ConvergenceWarning: The optimal value found for dimension 5 of parameter k1__length_scale is close to the specified upper bound 1000.0. Increasing the bound and calling fit again may find a better value.
  warnings.warn(
/home/dev/hyph-bench/.venv/lib/python3.13/site-packages/sklearn/gaussian_process/kernels.py:440: ConvergenceWarning: The optimal value found for dimension 0 of parameter k2__noise_level is close to the specified lower bound 0.0001. Decreasing the bound and calling fit again may find a better value.
  warnings.warn(
  Tested: weights=('6', '1/4', '18', '1/5'), thresholds=(1, 5, 6, 23)
  validation: F_1/7=0.965685, good=18851, bad=645, missed=1888, trie_nodes=19398, objective=0.965405
/home/dev/hyph-bench/.venv/lib/python3.13/site-packages/sklearn/gaussian_process/kernels.py:450: ConvergenceWarning: The optimal value found for dimension 5 of parameter k1__length_scale is close to the specified upper bound 1000.0. Increasing the bound and calling fit again may find a better value.
  warnings.warn(
/home/dev/hyph-bench/.venv/lib/python3.13/site-packages/sklearn/gaussian_process/kernels.py:440: ConvergenceWarning: The optimal value found for dimension 0 of parameter k2__noise_level is close to the specified lower bound 0.0001. Decreasing the bound and calling fit again may find a better value.
  warnings.warn(
  Tested: weights=('6', '26', '11', '1/5'), thresholds=(32, 42, 1, 3)
  validation: F_1/7=0.967179, good=18229, bad=580, missed=2510, trie_nodes=25799, objective=0.966807
  Best so far: weights=('25', '1/5', '30', '15'), thresholds=(17, 1, 14, 25), score=0.980870, elapsed=691.2s

============================================================
Iteration 23/30
/home/dev/hyph-bench/.venv/lib/python3.13/site-packages/sklearn/gaussian_process/kernels.py:450: ConvergenceWarning: The optimal value found for dimension 5 of parameter k1__length_scale is close to the specified upper bound 1000.0. Increasing the bound and calling fit again may find a better value.
  warnings.warn(
/home/dev/hyph-bench/.venv/lib/python3.13/site-packages/sklearn/gaussian_process/kernels.py:450: ConvergenceWarning: The optimal value found for dimension 6 of parameter k1__length_scale is close to the specified upper bound 1000.0. Increasing the bound and calling fit again may find a better value.
  warnings.warn(
  Tested: weights=('12', '1/5', '26', '9'), thresholds=(11, 42, 39, 41)
  validation: F_1/7=0.972954, good=16264, bad=370, missed=4475, trie_nodes=4127, objective=0.972895
/home/dev/hyph-bench/.venv/lib/python3.13/site-packages/sklearn/gaussian_process/kernels.py:450: ConvergenceWarning: The optimal value found for dimension 5 of parameter k1__length_scale is close to the specified upper bound 1000.0. Increasing the bound and calling fit again may find a better value.
  warnings.warn(
/home/dev/hyph-bench/.venv/lib/python3.13/site-packages/sklearn/gaussian_process/kernels.py:450: ConvergenceWarning: The optimal value found for dimension 6 of parameter k1__length_scale is close to the specified upper bound 1000.0. Increasing the bound and calling fit again may find a better value.
  warnings.warn(
  Tested: weights=('1/2', '1/5', '27', '28'), thresholds=(35, 11, 2, 33)
  validation: F_1/7=0.965576, good=18794, bad=644, missed=1945, trie_nodes=18549, objective=0.965309
/home/dev/hyph-bench/.venv/lib/python3.13/site-packages/sklearn/gaussian_process/kernels.py:450: ConvergenceWarning: The optimal value found for dimension 5 of parameter k1__length_scale is close to the specified upper bound 1000.0. Increasing the bound and calling fit again may find a better value.
  warnings.warn(
/home/dev/hyph-bench/.venv/lib/python3.13/site-packages/sklearn/gaussian_process/kernels.py:440: ConvergenceWarning: The optimal value found for dimension 0 of parameter k2__noise_level is close to the specified lower bound 0.0001. Decreasing the bound and calling fit again may find a better value.
  warnings.warn(
  Tested: weights=('14', '10', '6', '28'), thresholds=(2, 3, 33, 19)
  validation: F_1/7=0.967857, good=18293, bad=570, missed=2446, trie_nodes=14304, objective=0.967651
/home/dev/hyph-bench/.venv/lib/python3.13/site-packages/sklearn/gaussian_process/kernels.py:450: ConvergenceWarning: The optimal value found for dimension 5 of parameter k1__length_scale is close to the specified upper bound 1000.0. Increasing the bound and calling fit again may find a better value.
  warnings.warn(
/home/dev/hyph-bench/.venv/lib/python3.13/site-packages/sklearn/gaussian_process/kernels.py:450: ConvergenceWarning: The optimal value found for dimension 6 of parameter k1__length_scale is close to the specified upper bound 1000.0. Increasing the bound and calling fit again may find a better value.
  warnings.warn(
  Tested: weights=('28', '29', '9', '15'), thresholds=(42, 5, 4, 2)
  validation: F_1/7=0.973662, good=18251, bad=453, missed=2488, trie_nodes=10453, objective=0.973511
/home/dev/hyph-bench/.venv/lib/python3.13/site-packages/sklearn/gaussian_process/kernels.py:450: ConvergenceWarning: The optimal value found for dimension 5 of parameter k1__length_scale is close to the specified upper bound 1000.0. Increasing the bound and calling fit again may find a better value.
  warnings.warn(
/home/dev/hyph-bench/.venv/lib/python3.13/site-packages/sklearn/gaussian_process/kernels.py:440: ConvergenceWarning: The optimal value found for dimension 0 of parameter k2__noise_level is close to the specified lower bound 0.0001. Decreasing the bound and calling fit again may find a better value.
  warnings.warn(
  Tested: weights=('3', '21', '19', '1/5'), thresholds=(6, 42, 10, 1)
  validation: F_1/7=0.975229, good=14252, bad=237, missed=6487, trie_nodes=7536, objective=0.975121
  Best so far: weights=('25', '1/5', '30', '15'), thresholds=(17, 1, 14, 25), score=0.980870, elapsed=738.5s

============================================================
Iteration 24/30
/home/dev/hyph-bench/.venv/lib/python3.13/site-packages/sklearn/gaussian_process/kernels.py:450: ConvergenceWarning: The optimal value found for dimension 5 of parameter k1__length_scale is close to the specified upper bound 1000.0. Increasing the bound and calling fit again may find a better value.
  warnings.warn(
/home/dev/hyph-bench/.venv/lib/python3.13/site-packages/sklearn/gaussian_process/kernels.py:450: ConvergenceWarning: The optimal value found for dimension 6 of parameter k1__length_scale is close to the specified upper bound 1000.0. Increasing the bound and calling fit again may find a better value.
  warnings.warn(
  Tested: weights=('26', '1/3', '29', '29'), thresholds=(30, 35, 1, 41)
  validation: F_1/7=0.962315, good=19004, bad=724, missed=1735, trie_nodes=33287, objective=0.961835
/home/dev/hyph-bench/.venv/lib/python3.13/site-packages/sklearn/gaussian_process/kernels.py:450: ConvergenceWarning: The optimal value found for dimension 5 of parameter k1__length_scale is close to the specified upper bound 1000.0. Increasing the bound and calling fit again may find a better value.
  warnings.warn(
  Tested: weights=('19', '19', '19', '1/5'), thresholds=(11, 16, 42, 24)
  validation: F_1/7=0.977277, good=15617, bad=266, missed=5122, trie_nodes=4520, objective=0.977212
/home/dev/hyph-bench/.venv/lib/python3.13/site-packages/sklearn/gaussian_process/kernels.py:450: ConvergenceWarning: The optimal value found for dimension 5 of parameter k1__length_scale is close to the specified upper bound 1000.0. Increasing the bound and calling fit again may find a better value.
  warnings.warn(
/home/dev/hyph-bench/.venv/lib/python3.13/site-packages/sklearn/gaussian_process/kernels.py:450: ConvergenceWarning: The optimal value found for dimension 6 of parameter k1__length_scale is close to the specified upper bound 1000.0. Increasing the bound and calling fit again may find a better value.
  warnings.warn(
  Tested: weights=('14', '29', '14', '30'), thresholds=(42, 35, 40, 3)
  validation: F_1/7=0.971523, good=13340, bad=248, missed=7399, trie_nodes=1855, objective=0.971496
/home/dev/hyph-bench/.venv/lib/python3.13/site-packages/sklearn/gaussian_process/kernels.py:450: ConvergenceWarning: The optimal value found for dimension 5 of parameter k1__length_scale is close to the specified upper bound 1000.0. Increasing the bound and calling fit again may find a better value.
  warnings.warn(
/home/dev/hyph-bench/.venv/lib/python3.13/site-packages/sklearn/gaussian_process/kernels.py:450: ConvergenceWarning: The optimal value found for dimension 6 of parameter k1__length_scale is close to the specified upper bound 1000.0. Increasing the bound and calling fit again may find a better value.
  warnings.warn(
  Tested: weights=('29', '3', '12', '1/3'), thresholds=(5, 41, 3, 8)
  validation: F_1/7=0.974550, good=18260, bad=436, missed=2479, trie_nodes=14508, objective=0.974340
/home/dev/hyph-bench/.venv/lib/python3.13/site-packages/sklearn/gaussian_process/kernels.py:450: ConvergenceWarning: The optimal value found for dimension 5 of parameter k1__length_scale is close to the specified upper bound 1000.0. Increasing the bound and calling fit again may find a better value.
  warnings.warn(
/home/dev/hyph-bench/.venv/lib/python3.13/site-packages/sklearn/gaussian_process/kernels.py:450: ConvergenceWarning: The optimal value found for dimension 6 of parameter k1__length_scale is close to the specified upper bound 1000.0. Increasing the bound and calling fit again may find a better value.
  warnings.warn(
  Tested: weights=('12', '6', '7', '15'), thresholds=(26, 2, 6, 1)
  validation: F_1/7=0.975627, good=17892, bad=398, missed=2847, trie_nodes=10162, objective=0.975480
  Best so far: weights=('25', '1/5', '30', '15'), thresholds=(17, 1, 14, 25), score=0.980870, elapsed=783.8s

============================================================
Iteration 25/30
/home/dev/hyph-bench/.venv/lib/python3.13/site-packages/sklearn/gaussian_process/kernels.py:450: ConvergenceWarning: The optimal value found for dimension 5 of parameter k1__length_scale is close to the specified upper bound 1000.0. Increasing the bound and calling fit again may find a better value.
  warnings.warn(
/home/dev/hyph-bench/.venv/lib/python3.13/site-packages/sklearn/gaussian_process/kernels.py:440: ConvergenceWarning: The optimal value found for dimension 0 of parameter k2__noise_level is close to the specified lower bound 0.0001. Decreasing the bound and calling fit again may find a better value.
  warnings.warn(
  Tested: weights=('23', '27', '26', '27'), thresholds=(4, 5, 37, 33)
  validation: F_1/7=0.975107, good=17096, bad=371, missed=3643, trie_nodes=9620, objective=0.974968
/home/dev/hyph-bench/.venv/lib/python3.13/site-packages/sklearn/gaussian_process/kernels.py:450: ConvergenceWarning: The optimal value found for dimension 5 of parameter k1__length_scale is close to the specified upper bound 1000.0. Increasing the bound and calling fit again may find a better value.
  warnings.warn(
/home/dev/hyph-bench/.venv/lib/python3.13/site-packages/sklearn/gaussian_process/kernels.py:450: ConvergenceWarning: The optimal value found for dimension 6 of parameter k1__length_scale is close to the specified upper bound 1000.0. Increasing the bound and calling fit again may find a better value.
  warnings.warn(
  Tested: weights=('14', '1', '13', '3'), thresholds=(42, 14, 42, 42)
  validation: F_1/7=0.970046, good=13295, bad=267, missed=7444, trie_nodes=1588, objective=0.970023
/home/dev/hyph-bench/.venv/lib/python3.13/site-packages/sklearn/gaussian_process/kernels.py:450: ConvergenceWarning: The optimal value found for dimension 5 of parameter k1__length_scale is close to the specified upper bound 1000.0. Increasing the bound and calling fit again may find a better value.
  warnings.warn(
/home/dev/hyph-bench/.venv/lib/python3.13/site-packages/sklearn/gaussian_process/kernels.py:440: ConvergenceWarning: The optimal value found for dimension 0 of parameter k2__noise_level is close to the specified lower bound 0.0001. Decreasing the bound and calling fit again may find a better value.
  warnings.warn(
  Tested: weights=('1/4', '12', '9', '16'), thresholds=(8, 15, 14, 2)
  validation: F_1/7=0.922696, good=19946, bad=1689, missed=793, trie_nodes=12709, objective=0.922513
/home/dev/hyph-bench/.venv/lib/python3.13/site-packages/sklearn/gaussian_process/kernels.py:450: ConvergenceWarning: The optimal value found for dimension 5 of parameter k1__length_scale is close to the specified upper bound 1000.0. Increasing the bound and calling fit again may find a better value.
  warnings.warn(
/home/dev/hyph-bench/.venv/lib/python3.13/site-packages/sklearn/gaussian_process/kernels.py:440: ConvergenceWarning: The optimal value found for dimension 0 of parameter k2__noise_level is close to the specified lower bound 0.0001. Decreasing the bound and calling fit again may find a better value.
  warnings.warn(
  Tested: weights=('16', '29', '14', '28'), thresholds=(42, 35, 21, 15)
  validation: F_1/7=0.973414, good=14898, bad=296, missed=5841, trie_nodes=2606, objective=0.973376
/home/dev/hyph-bench/.venv/lib/python3.13/site-packages/sklearn/gaussian_process/kernels.py:450: ConvergenceWarning: The optimal value found for dimension 5 of parameter k1__length_scale is close to the specified upper bound 1000.0. Increasing the bound and calling fit again may find a better value.
  warnings.warn(
/home/dev/hyph-bench/.venv/lib/python3.13/site-packages/sklearn/gaussian_process/kernels.py:440: ConvergenceWarning: The optimal value found for dimension 0 of parameter k2__noise_level is close to the specified lower bound 0.0001. Decreasing the bound and calling fit again may find a better value.
  warnings.warn(
  Tested: weights=('29', '1/4', '25', '1/5'), thresholds=(33, 37, 4, 5)
  validation: F_1/7=0.977802, good=17654, bad=346, missed=3085, trie_nodes=12735, objective=0.977618
  Best so far: weights=('25', '1/5', '30', '15'), thresholds=(17, 1, 14, 25), score=0.980870, elapsed=824.1s

============================================================
Iteration 26/30
/home/dev/hyph-bench/.venv/lib/python3.13/site-packages/sklearn/gaussian_process/kernels.py:450: ConvergenceWarning: The optimal value found for dimension 5 of parameter k1__length_scale is close to the specified upper bound 1000.0. Increasing the bound and calling fit again may find a better value.
  warnings.warn(
/home/dev/hyph-bench/.venv/lib/python3.13/site-packages/sklearn/gaussian_process/kernels.py:440: ConvergenceWarning: The optimal value found for dimension 0 of parameter k2__noise_level is close to the specified lower bound 0.0001. Decreasing the bound and calling fit again may find a better value.
  warnings.warn(
  Tested: weights=('24', '29', '26', '11'), thresholds=(40, 4, 40, 38)
  validation: F_1/7=0.974588, good=12278, bad=154, missed=8461, trie_nodes=1749, objective=0.974563
/home/dev/hyph-bench/.venv/lib/python3.13/site-packages/sklearn/gaussian_process/kernels.py:450: ConvergenceWarning: The optimal value found for dimension 5 of parameter k1__length_scale is close to the specified upper bound 1000.0. Increasing the bound and calling fit again may find a better value.
  warnings.warn(
/home/dev/hyph-bench/.venv/lib/python3.13/site-packages/sklearn/gaussian_process/kernels.py:440: ConvergenceWarning: The optimal value found for dimension 0 of parameter k2__noise_level is close to the specified lower bound 0.0001. Decreasing the bound and calling fit again may find a better value.
  warnings.warn(
  Tested: weights=('30', '1/3', '14', '23'), thresholds=(34, 41, 41, 20)
  validation: F_1/7=0.975938, good=13107, bad=174, missed=7632, trie_nodes=2006, objective=0.975909
/home/dev/hyph-bench/.venv/lib/python3.13/site-packages/sklearn/gaussian_process/kernels.py:450: ConvergenceWarning: The optimal value found for dimension 5 of parameter k1__length_scale is close to the specified upper bound 1000.0. Increasing the bound and calling fit again may find a better value.
  warnings.warn(
/home/dev/hyph-bench/.venv/lib/python3.13/site-packages/sklearn/gaussian_process/kernels.py:440: ConvergenceWarning: The optimal value found for dimension 0 of parameter k2__noise_level is close to the specified lower bound 0.0001. Decreasing the bound and calling fit again may find a better value.
  warnings.warn(
  Tested: weights=('24', '13', '12', '30'), thresholds=(5, 15, 28, 2)
  validation: F_1/7=0.976800, good=16850, bad=329, missed=3889, trie_nodes=8506, objective=0.976678
/home/dev/hyph-bench/.venv/lib/python3.13/site-packages/sklearn/gaussian_process/kernels.py:450: ConvergenceWarning: The optimal value found for dimension 5 of parameter k1__length_scale is close to the specified upper bound 1000.0. Increasing the bound and calling fit again may find a better value.
  warnings.warn(
/home/dev/hyph-bench/.venv/lib/python3.13/site-packages/sklearn/gaussian_process/kernels.py:440: ConvergenceWarning: The optimal value found for dimension 0 of parameter k2__noise_level is close to the specified lower bound 0.0001. Decreasing the bound and calling fit again may find a better value.
  warnings.warn(
  Tested: weights=('9', '30', '15', '1/5'), thresholds=(12, 1, 4, 27)
  validation: F_1/7=0.973555, good=18145, bad=450, missed=2594, trie_nodes=10869, objective=0.973398
/home/dev/hyph-bench/.venv/lib/python3.13/site-packages/sklearn/gaussian_process/kernels.py:450: ConvergenceWarning: The optimal value found for dimension 5 of parameter k1__length_scale is close to the specified upper bound 1000.0. Increasing the bound and calling fit again may find a better value.
  warnings.warn(
/home/dev/hyph-bench/.venv/lib/python3.13/site-packages/sklearn/gaussian_process/kernels.py:440: ConvergenceWarning: The optimal value found for dimension 0 of parameter k2__noise_level is close to the specified lower bound 0.0001. Decreasing the bound and calling fit again may find a better value.
  warnings.warn(
  Tested: weights=('8', '3', '22', '1/5'), thresholds=(40, 40, 11, 35)
  validation: F_1/7=0.973082, good=16495, bad=379, missed=4244, trie_nodes=3719, objective=0.973028
  Best so far: weights=('25', '1/5', '30', '15'), thresholds=(17, 1, 14, 25), score=0.980870, elapsed=859.8s

============================================================
Iteration 27/30
/home/dev/hyph-bench/.venv/lib/python3.13/site-packages/sklearn/gaussian_process/kernels.py:450: ConvergenceWarning: The optimal value found for dimension 5 of parameter k1__length_scale is close to the specified upper bound 1000.0. Increasing the bound and calling fit again may find a better value.
  warnings.warn(
/home/dev/hyph-bench/.venv/lib/python3.13/site-packages/sklearn/gaussian_process/kernels.py:440: ConvergenceWarning: The optimal value found for dimension 0 of parameter k2__noise_level is close to the specified lower bound 0.0001. Decreasing the bound and calling fit again may find a better value.
  warnings.warn(
  Tested: weights=('30', '10', '23', '29'), thresholds=(38, 39, 19, 1)
  validation: F_1/7=0.980560, good=14229, bad=155, missed=6510, trie_nodes=4398, objective=0.980496
/home/dev/hyph-bench/.venv/lib/python3.13/site-packages/sklearn/gaussian_process/kernels.py:450: ConvergenceWarning: The optimal value found for dimension 5 of parameter k1__length_scale is close to the specified upper bound 1000.0. Increasing the bound and calling fit again may find a better value.
  warnings.warn(
/home/dev/hyph-bench/.venv/lib/python3.13/site-packages/sklearn/gaussian_process/kernels.py:440: ConvergenceWarning: The optimal value found for dimension 0 of parameter k2__noise_level is close to the specified lower bound 0.0001. Decreasing the bound and calling fit again may find a better value.
  warnings.warn(
  Tested: weights=('13', '1', '29', '1/2'), thresholds=(30, 38, 33, 41)
  validation: F_1/7=0.969925, good=14299, bad=321, missed=6440, trie_nodes=2015, objective=0.969896
/home/dev/hyph-bench/.venv/lib/python3.13/site-packages/sklearn/gaussian_process/kernels.py:450: ConvergenceWarning: The optimal value found for dimension 5 of parameter k1__length_scale is close to the specified upper bound 1000.0. Increasing the bound and calling fit again may find a better value.
  warnings.warn(
/home/dev/hyph-bench/.venv/lib/python3.13/site-packages/sklearn/gaussian_process/kernels.py:450: ConvergenceWarning: The optimal value found for dimension 6 of parameter k1__length_scale is close to the specified upper bound 1000.0. Increasing the bound and calling fit again may find a better value.
  warnings.warn(
  Tested: weights=('18', '1/2', '6', '21'), thresholds=(1, 14, 40, 12)
  validation: F_1/7=0.965104, good=18415, bad=632, missed=2324, trie_nodes=23378, objective=0.964767
/home/dev/hyph-bench/.venv/lib/python3.13/site-packages/sklearn/gaussian_process/kernels.py:450: ConvergenceWarning: The optimal value found for dimension 5 of parameter k1__length_scale is close to the specified upper bound 1000.0. Increasing the bound and calling fit again may find a better value.
  warnings.warn(
/home/dev/hyph-bench/.venv/lib/python3.13/site-packages/sklearn/gaussian_process/kernels.py:450: ConvergenceWarning: The optimal value found for dimension 6 of parameter k1__length_scale is close to the specified upper bound 1000.0. Increasing the bound and calling fit again may find a better value.
  warnings.warn(
  Tested: weights=('13', '27', '18', '1'), thresholds=(12, 3, 3, 39)
  validation: F_1/7=0.970393, good=18495, bad=530, missed=2244, trie_nodes=12255, objective=0.970217
/home/dev/hyph-bench/.venv/lib/python3.13/site-packages/sklearn/gaussian_process/kernels.py:450: ConvergenceWarning: The optimal value found for dimension 5 of parameter k1__length_scale is close to the specified upper bound 1000.0. Increasing the bound and calling fit again may find a better value.
  warnings.warn(
/home/dev/hyph-bench/.venv/lib/python3.13/site-packages/sklearn/gaussian_process/kernels.py:440: ConvergenceWarning: The optimal value found for dimension 0 of parameter k2__noise_level is close to the specified lower bound 0.0001. Decreasing the bound and calling fit again may find a better value.
  warnings.warn(
  Tested: weights=('4', '20', '21', '3'), thresholds=(41, 7, 39, 11)
  validation: F_1/7=0.952532, good=16254, bad=735, missed=4485, trie_nodes=1832, objective=0.952505
  Best so far: weights=('25', '1/5', '30', '15'), thresholds=(17, 1, 14, 25), score=0.980870, elapsed=879.3s

============================================================
Iteration 28/30
/home/dev/hyph-bench/.venv/lib/python3.13/site-packages/sklearn/gaussian_process/kernels.py:450: ConvergenceWarning: The optimal value found for dimension 5 of parameter k1__length_scale is close to the specified upper bound 1000.0. Increasing the bound and calling fit again may find a better value.
  warnings.warn(
/home/dev/hyph-bench/.venv/lib/python3.13/site-packages/sklearn/gaussian_process/kernels.py:450: ConvergenceWarning: The optimal value found for dimension 6 of parameter k1__length_scale is close to the specified upper bound 1000.0. Increasing the bound and calling fit again may find a better value.
  warnings.warn(
  Tested: weights=('30', '28', '12', '1'), thresholds=(6, 1, 22, 42)
  validation: F_1/7=0.978426, good=16576, bad=288, missed=4163, trie_nodes=8205, objective=0.978307
/home/dev/hyph-bench/.venv/lib/python3.13/site-packages/sklearn/gaussian_process/kernels.py:450: ConvergenceWarning: The optimal value found for dimension 5 of parameter k1__length_scale is close to the specified upper bound 1000.0. Increasing the bound and calling fit again may find a better value.
  warnings.warn(
  Tested: weights=('3', '1/4', '24', '19'), thresholds=(39, 10, 37, 41)
  validation: F_1/7=0.972495, good=15045, bad=318, missed=5694, trie_nodes=2309, objective=0.972461
/home/dev/hyph-bench/.venv/lib/python3.13/site-packages/sklearn/gaussian_process/kernels.py:450: ConvergenceWarning: The optimal value found for dimension 5 of parameter k1__length_scale is close to the specified upper bound 1000.0. Increasing the bound and calling fit again may find a better value.
  warnings.warn(
  Tested: weights=('7', '8', '4', '1/5'), thresholds=(15, 36, 36, 10)
  validation: F_1/7=0.976452, good=16022, bad=298, missed=4717, trie_nodes=3899, objective=0.976396
/home/dev/hyph-bench/.venv/lib/python3.13/site-packages/sklearn/gaussian_process/kernels.py:450: ConvergenceWarning: The optimal value found for dimension 5 of parameter k1__length_scale is close to the specified upper bound 1000.0. Increasing the bound and calling fit again may find a better value.
  warnings.warn(
/home/dev/hyph-bench/.venv/lib/python3.13/site-packages/sklearn/gaussian_process/kernels.py:450: ConvergenceWarning: The optimal value found for dimension 6 of parameter k1__length_scale is close to the specified upper bound 1000.0. Increasing the bound and calling fit again may find a better value.
  warnings.warn(
  Tested: weights=('27', '1/5', '29', '29'), thresholds=(29, 39, 1, 2)
  validation: F_1/7=0.963284, good=18992, bad=703, missed=1747, trie_nodes=33445, objective=0.962802
/home/dev/hyph-bench/.venv/lib/python3.13/site-packages/sklearn/gaussian_process/kernels.py:450: ConvergenceWarning: The optimal value found for dimension 5 of parameter k1__length_scale is close to the specified upper bound 1000.0. Increasing the bound and calling fit again may find a better value.
  warnings.warn(
/home/dev/hyph-bench/.venv/lib/python3.13/site-packages/sklearn/gaussian_process/kernels.py:450: ConvergenceWarning: The optimal value found for dimension 6 of parameter k1__length_scale is close to the specified upper bound 1000.0. Increasing the bound and calling fit again may find a better value.
  warnings.warn(
  Tested: weights=('1/4', '28', '19', '1/4'), thresholds=(38, 4, 2, 9)
  validation: F_1/7=0.960725, good=16600, bad=608, missed=4139, trie_nodes=8202, objective=0.960607
  Best so far: weights=('25', '1/5', '30', '15'), thresholds=(17, 1, 14, 25), score=0.980870, elapsed=896.7s

============================================================
Iteration 29/30
/home/dev/hyph-bench/.venv/lib/python3.13/site-packages/sklearn/gaussian_process/kernels.py:450: ConvergenceWarning: The optimal value found for dimension 5 of parameter k1__length_scale is close to the specified upper bound 1000.0. Increasing the bound and calling fit again may find a better value.
  warnings.warn(
  Tested: weights=('30', '23', '19', '28'), thresholds=(39, 42, 25, 33)
  validation: F_1/7=0.976695, good=13769, bad=193, missed=6970, trie_nodes=2471, objective=0.976660
/home/dev/hyph-bench/.venv/lib/python3.13/site-packages/sklearn/gaussian_process/kernels.py:450: ConvergenceWarning: The optimal value found for dimension 5 of parameter k1__length_scale is close to the specified upper bound 1000.0. Increasing the bound and calling fit again may find a better value.
  warnings.warn(
/home/dev/hyph-bench/.venv/lib/python3.13/site-packages/sklearn/gaussian_process/kernels.py:440: ConvergenceWarning: The optimal value found for dimension 0 of parameter k2__noise_level is close to the specified lower bound 0.0001. Decreasing the bound and calling fit again may find a better value.
  warnings.warn(
  Tested: weights=('13', '1/5', '30', '7'), thresholds=(41, 12, 4, 19)
  validation: F_1/7=0.975341, good=17860, bad=402, missed=2879, trie_nodes=10699, objective=0.975187
/home/dev/hyph-bench/.venv/lib/python3.13/site-packages/sklearn/gaussian_process/kernels.py:450: ConvergenceWarning: The optimal value found for dimension 5 of parameter k1__length_scale is close to the specified upper bound 1000.0. Increasing the bound and calling fit again may find a better value.
  warnings.warn(
/home/dev/hyph-bench/.venv/lib/python3.13/site-packages/sklearn/gaussian_process/kernels.py:440: ConvergenceWarning: The optimal value found for dimension 0 of parameter k2__noise_level is close to the specified lower bound 0.0001. Decreasing the bound and calling fit again may find a better value.
  warnings.warn(
  Tested: weights=('15', '28', '22', '1/4'), thresholds=(5, 24, 40, 41)
  validation: F_1/7=0.973237, good=17212, bad=411, missed=3527, trie_nodes=7666, objective=0.973126
/home/dev/hyph-bench/.venv/lib/python3.13/site-packages/sklearn/gaussian_process/kernels.py:450: ConvergenceWarning: The optimal value found for dimension 5 of parameter k1__length_scale is close to the specified upper bound 1000.0. Increasing the bound and calling fit again may find a better value.
  warnings.warn(
/home/dev/hyph-bench/.venv/lib/python3.13/site-packages/sklearn/gaussian_process/kernels.py:440: ConvergenceWarning: The optimal value found for dimension 0 of parameter k2__noise_level is close to the specified lower bound 0.0001. Decreasing the bound and calling fit again may find a better value.
  warnings.warn(
  Tested: weights=('24', '1', '12', '29'), thresholds=(8, 3, 42, 6)
  validation: F_1/7=0.977824, good=16056, bad=276, missed=4683, trie_nodes=5932, objective=0.977738
/home/dev/hyph-bench/.venv/lib/python3.13/site-packages/sklearn/gaussian_process/kernels.py:450: ConvergenceWarning: The optimal value found for dimension 5 of parameter k1__length_scale is close to the specified upper bound 1000.0. Increasing the bound and calling fit again may find a better value.
  warnings.warn(
/home/dev/hyph-bench/.venv/lib/python3.13/site-packages/sklearn/gaussian_process/kernels.py:450: ConvergenceWarning: The optimal value found for dimension 6 of parameter k1__length_scale is close to the specified upper bound 1000.0. Increasing the bound and calling fit again may find a better value.
  warnings.warn(
  Tested: weights=('1/3', '25', '1/2', '1/5'), thresholds=(4, 17, 6, 3)
  validation: F_1/7=0.971311, good=12152, bad=191, missed=8587, trie_nodes=6807, objective=0.971213
  Best so far: weights=('25', '1/5', '30', '15'), thresholds=(17, 1, 14, 25), score=0.980870, elapsed=914.0s

============================================================
Iteration 30/30
/home/dev/hyph-bench/.venv/lib/python3.13/site-packages/sklearn/gaussian_process/kernels.py:450: ConvergenceWarning: The optimal value found for dimension 5 of parameter k1__length_scale is close to the specified upper bound 1000.0. Increasing the bound and calling fit again may find a better value.
  warnings.warn(
/home/dev/hyph-bench/.venv/lib/python3.13/site-packages/sklearn/gaussian_process/kernels.py:450: ConvergenceWarning: The optimal value found for dimension 6 of parameter k1__length_scale is close to the specified upper bound 1000.0. Increasing the bound and calling fit again may find a better value.
  warnings.warn(
  Tested: weights=('15', '1/3', '13', '29'), thresholds=(39, 26, 22, 41)
  validation: F_1/7=0.975271, good=14806, bad=262, missed=5933, trie_nodes=2541, objective=0.975234
/home/dev/hyph-bench/.venv/lib/python3.13/site-packages/sklearn/gaussian_process/kernels.py:450: ConvergenceWarning: The optimal value found for dimension 5 of parameter k1__length_scale is close to the specified upper bound 1000.0. Increasing the bound and calling fit again may find a better value.
  warnings.warn(
/home/dev/hyph-bench/.venv/lib/python3.13/site-packages/sklearn/gaussian_process/kernels.py:450: ConvergenceWarning: The optimal value found for dimension 6 of parameter k1__length_scale is close to the specified upper bound 1000.0. Increasing the bound and calling fit again may find a better value.
  warnings.warn(
  Tested: weights=('29', '27', '17', '1/3'), thresholds=(28, 1, 41, 32)
  validation: F_1/7=0.978469, good=13211, bad=143, missed=7528, trie_nodes=2891, objective=0.978428
/home/dev/hyph-bench/.venv/lib/python3.13/site-packages/sklearn/gaussian_process/kernels.py:450: ConvergenceWarning: The optimal value found for dimension 5 of parameter k1__length_scale is close to the specified upper bound 1000.0. Increasing the bound and calling fit again may find a better value.
  warnings.warn(
/home/dev/hyph-bench/.venv/lib/python3.13/site-packages/sklearn/gaussian_process/kernels.py:450: ConvergenceWarning: The optimal value found for dimension 6 of parameter k1__length_scale is close to the specified upper bound 1000.0. Increasing the bound and calling fit again may find a better value.
  warnings.warn(
  Tested: weights=('26', '1/5', '26', '4'), thresholds=(24, 42, 7, 7)
  validation: F_1/7=0.978345, good=16729, bad=296, missed=4010, trie_nodes=7415, objective=0.978238
/home/dev/hyph-bench/.venv/lib/python3.13/site-packages/sklearn/gaussian_process/kernels.py:450: ConvergenceWarning: The optimal value found for dimension 5 of parameter k1__length_scale is close to the specified upper bound 1000.0. Increasing the bound and calling fit again may find a better value.
  warnings.warn(
/home/dev/hyph-bench/.venv/lib/python3.13/site-packages/sklearn/gaussian_process/kernels.py:450: ConvergenceWarning: The optimal value found for dimension 6 of parameter k1__length_scale is close to the specified upper bound 1000.0. Increasing the bound and calling fit again may find a better value.
  warnings.warn(
  Tested: weights=('30', '14', '1', '19'), thresholds=(1, 35, 34, 2)
  validation: F_1/7=0.959927, good=18875, bad=766, missed=1864, trie_nodes=25711, objective=0.959556
/home/dev/hyph-bench/.venv/lib/python3.13/site-packages/sklearn/gaussian_process/kernels.py:450: ConvergenceWarning: The optimal value found for dimension 5 of parameter k1__length_scale is close to the specified upper bound 1000.0. Increasing the bound and calling fit again may find a better value.
  warnings.warn(
/home/dev/hyph-bench/.venv/lib/python3.13/site-packages/sklearn/gaussian_process/kernels.py:450: ConvergenceWarning: The optimal value found for dimension 6 of parameter k1__length_scale is close to the specified upper bound 1000.0. Increasing the bound and calling fit again may find a better value.
  warnings.warn(
  Tested: weights=('2', '30', '22', '1/3'), thresholds=(7, 13, 2, 4)
  validation: F_1/7=0.967884, good=17308, bad=516, missed=3431, trie_nodes=9557, objective=0.967747
  Best so far: weights=('25', '1/5', '30', '15'), thresholds=(17, 1, 14, 25), score=0.980870, elapsed=931.1s

============================================================
Final exploitation: 3 evaluations
/home/dev/hyph-bench/.venv/lib/python3.13/site-packages/sklearn/gaussian_process/kernels.py:450: ConvergenceWarning: The optimal value found for dimension 5 of parameter k1__length_scale is close to the specified upper bound 1000.0. Increasing the bound and calling fit again may find a better value.
  warnings.warn(
/home/dev/hyph-bench/.venv/lib/python3.13/site-packages/sklearn/gaussian_process/kernels.py:450: ConvergenceWarning: The optimal value found for dimension 6 of parameter k1__length_scale is close to the specified upper bound 1000.0. Increasing the bound and calling fit again may find a better value.
  warnings.warn(
  Tested: weights=('27', '1/3', '30', '1/3'), thresholds=(10, 6, 2, 36)
  validation: F_1/7=0.971378, good=18509, bad=511, missed=2230, trie_nodes=19811, objective=0.971092
/home/dev/hyph-bench/.venv/lib/python3.13/site-packages/sklearn/gaussian_process/kernels.py:450: ConvergenceWarning: The optimal value found for dimension 5 of parameter k1__length_scale is close to the specified upper bound 1000.0. Increasing the bound and calling fit again may find a better value.
  warnings.warn(
/home/dev/hyph-bench/.venv/lib/python3.13/site-packages/sklearn/gaussian_process/kernels.py:450: ConvergenceWarning: The optimal value found for dimension 6 of parameter k1__length_scale is close to the specified upper bound 1000.0. Increasing the bound and calling fit again may find a better value.
  warnings.warn(
  Tested: weights=('25', '10', '9', '22'), thresholds=(26, 7, 16, 1)
  validation: F_1/7=0.979575, good=15695, bad=231, missed=5044, trie_nodes=5843, objective=0.979490
/home/dev/hyph-bench/.venv/lib/python3.13/site-packages/sklearn/gaussian_process/kernels.py:450: ConvergenceWarning: The optimal value found for dimension 5 of parameter k1__length_scale is close to the specified upper bound 1000.0. Increasing the bound and calling fit again may find a better value.
  warnings.warn(
/home/dev/hyph-bench/.venv/lib/python3.13/site-packages/sklearn/gaussian_process/kernels.py:440: ConvergenceWarning: The optimal value found for dimension 0 of parameter k2__noise_level is close to the specified lower bound 0.0001. Decreasing the bound and calling fit again may find a better value.
  warnings.warn(
  Tested: weights=('15', '3', '8', '1/5'), thresholds=(3, 40, 7, 6)
  validation: F_1/7=0.975757, good=18012, bad=401, missed=2727, trie_nodes=12147, objective=0.975582

============================================================
Final per-level search complete
Selected weights: ('25', '1/5', '30', '15')
PATGEN good_wt: (1, 5, 1, 1); bad_wt: (25, 1, 30, 15); thresholds: (17, 1, 14, 25)
Held-out test: {'good': 15268, 'bad': 160, 'missed': 5748, 'train_good': 122647, 'train_bad': 147, 'train_missed': 43778, 'n_patterns': 2720, 'trie_nodes': 5022}
History: results/gpopt260828/th/orchid/final_history.csv
Selected profile: results/gpopt260828/th/orchid/selected_profile.json
