Proportional trie_normalizer for de/wortliste: |D| = 604970
Objective: F17+Trie(w=0.0005)
Dataset: /home/dev/hyph-bench/data/de/wortliste/wortliste.wlh
Translate: /home/dev/hyph-bench/data/de/wortliste/wortliste.wlh.tra
Method: gp | Threshold mode: perlayer
Search space (8-D): [(1, 30), (1, 30), (1, 30), (1, 30), (1, 5), (1, 5), (1, 5), (1, 5)]
Split counts: train=483976, validation=60497, test=60497
Pattern ranges: [(1, 4), (2, 5), (2, 6), (2, 7)]
Budget: 30 rounds x 5 + 3 final = 153 patgen evaluations; 3 parallel workers

============================================================
Round 1/30
  Tested: params=(7, 20, 29, 15, 3, 5, 5, 2)
  validation: F_1/7=0.946603, precision=0.945801, recall=0.987641, good=178606, bad=10235, missed=2235, trie_nodes=42105, patterns=32538, objective=0.946568
  Tested: params=(19, 23, 11, 11, 5, 4, 3, 5)
  validation: F_1/7=0.976433, precision=0.976156, recall=0.990196, good=179068, bad=4374, missed=1773, trie_nodes=43848, patterns=32752, objective=0.976397
  Tested: params=(2, 24, 12, 30, 2, 4, 5, 1)
  validation: F_1/7=0.880731, precision=0.878763, recall=0.989245, good=178896, bad=24681, missed=1945, trie_nodes=44457, patterns=33873, objective=0.880694
  Tested: params=(12, 26, 22, 29, 4, 1, 1, 3)
  validation: F_1/7=0.967534, precision=0.967109, recall=0.988874, good=178829, bad=6082, missed=2012, trie_nodes=49194, patterns=40550, objective=0.967494
  Tested: params=(27, 10, 28, 28, 3, 4, 4, 1)
  validation: F_1/7=0.978132, precision=0.977960, recall=0.986635, good=178424, bad=4021, missed=2417, trie_nodes=44821, patterns=33708, objective=0.978095
  Best so far: params=(27, 10, 28, 28, 3, 4, 4, 1), score=0.978095, elapsed=98.8s

============================================================
Round 2/30
/home/dev/hyph-bench/.venv/lib/python3.13/site-packages/sklearn/gaussian_process/kernels.py:450: ConvergenceWarning: The optimal value found for dimension 1 of parameter k1__length_scale is close to the specified upper bound 1000.0. Increasing the bound and calling fit again may find a better value.
  warnings.warn(
/home/dev/hyph-bench/.venv/lib/python3.13/site-packages/sklearn/gaussian_process/kernels.py:450: ConvergenceWarning: The optimal value found for dimension 3 of parameter k1__length_scale is close to the specified upper bound 1000.0. Increasing the bound and calling fit again may find a better value.
  warnings.warn(
/home/dev/hyph-bench/.venv/lib/python3.13/site-packages/sklearn/gaussian_process/kernels.py:450: ConvergenceWarning: The optimal value found for dimension 4 of parameter k1__length_scale is close to the specified upper bound 1000.0. Increasing the bound and calling fit again may find a better value.
  warnings.warn(
/home/dev/hyph-bench/.venv/lib/python3.13/site-packages/sklearn/gaussian_process/kernels.py:450: ConvergenceWarning: The optimal value found for dimension 5 of parameter k1__length_scale is close to the specified upper bound 1000.0. Increasing the bound and calling fit again may find a better value.
  warnings.warn(
/home/dev/hyph-bench/.venv/lib/python3.13/site-packages/sklearn/gaussian_process/kernels.py:450: ConvergenceWarning: The optimal value found for dimension 6 of parameter k1__length_scale is close to the specified upper bound 1000.0. Increasing the bound and calling fit again may find a better value.
  warnings.warn(
/home/dev/hyph-bench/.venv/lib/python3.13/site-packages/sklearn/gaussian_process/kernels.py:440: ConvergenceWarning: The optimal value found for dimension 0 of parameter k2__noise_level is close to the specified lower bound 0.0001. Decreasing the bound and calling fit again may find a better value.
  warnings.warn(
/home/dev/hyph-bench/.venv/lib/python3.13/site-packages/sklearn/gaussian_process/kernels.py:450: ConvergenceWarning: The optimal value found for dimension 1 of parameter k1__length_scale is close to the specified upper bound 1000.0. Increasing the bound and calling fit again may find a better value.
  warnings.warn(
/home/dev/hyph-bench/.venv/lib/python3.13/site-packages/sklearn/gaussian_process/kernels.py:450: ConvergenceWarning: The optimal value found for dimension 3 of parameter k1__length_scale is close to the specified upper bound 1000.0. Increasing the bound and calling fit again may find a better value.
  warnings.warn(
/home/dev/hyph-bench/.venv/lib/python3.13/site-packages/sklearn/gaussian_process/kernels.py:450: ConvergenceWarning: The optimal value found for dimension 4 of parameter k1__length_scale is close to the specified upper bound 1000.0. Increasing the bound and calling fit again may find a better value.
  warnings.warn(
/home/dev/hyph-bench/.venv/lib/python3.13/site-packages/sklearn/gaussian_process/kernels.py:450: ConvergenceWarning: The optimal value found for dimension 5 of parameter k1__length_scale is close to the specified upper bound 1000.0. Increasing the bound and calling fit again may find a better value.
  warnings.warn(
/home/dev/hyph-bench/.venv/lib/python3.13/site-packages/sklearn/gaussian_process/kernels.py:450: ConvergenceWarning: The optimal value found for dimension 6 of parameter k1__length_scale is close to the specified upper bound 1000.0. Increasing the bound and calling fit again may find a better value.
  warnings.warn(
/home/dev/hyph-bench/.venv/lib/python3.13/site-packages/sklearn/gaussian_process/kernels.py:440: ConvergenceWarning: The optimal value found for dimension 0 of parameter k2__noise_level is close to the specified lower bound 0.0001. Decreasing the bound and calling fit again may find a better value.
  warnings.warn(
/home/dev/hyph-bench/.venv/lib/python3.13/site-packages/sklearn/gaussian_process/kernels.py:450: ConvergenceWarning: The optimal value found for dimension 1 of parameter k1__length_scale is close to the specified upper bound 1000.0. Increasing the bound and calling fit again may find a better value.
  warnings.warn(
/home/dev/hyph-bench/.venv/lib/python3.13/site-packages/sklearn/gaussian_process/kernels.py:450: ConvergenceWarning: The optimal value found for dimension 2 of parameter k1__length_scale is close to the specified upper bound 1000.0. Increasing the bound and calling fit again may find a better value.
  warnings.warn(
/home/dev/hyph-bench/.venv/lib/python3.13/site-packages/sklearn/gaussian_process/kernels.py:450: ConvergenceWarning: The optimal value found for dimension 3 of parameter k1__length_scale is close to the specified upper bound 1000.0. Increasing the bound and calling fit again may find a better value.
  warnings.warn(
/home/dev/hyph-bench/.venv/lib/python3.13/site-packages/sklearn/gaussian_process/kernels.py:450: ConvergenceWarning: The optimal value found for dimension 4 of parameter k1__length_scale is close to the specified upper bound 1000.0. Increasing the bound and calling fit again may find a better value.
  warnings.warn(
/home/dev/hyph-bench/.venv/lib/python3.13/site-packages/sklearn/gaussian_process/kernels.py:450: ConvergenceWarning: The optimal value found for dimension 5 of parameter k1__length_scale is close to the specified upper bound 1000.0. Increasing the bound and calling fit again may find a better value.
  warnings.warn(
/home/dev/hyph-bench/.venv/lib/python3.13/site-packages/sklearn/gaussian_process/kernels.py:450: ConvergenceWarning: The optimal value found for dimension 6 of parameter k1__length_scale is close to the specified upper bound 1000.0. Increasing the bound and calling fit again may find a better value.
  warnings.warn(
/home/dev/hyph-bench/.venv/lib/python3.13/site-packages/sklearn/gaussian_process/kernels.py:440: ConvergenceWarning: The optimal value found for dimension 0 of parameter k2__noise_level is close to the specified lower bound 0.0001. Decreasing the bound and calling fit again may find a better value.
  warnings.warn(
/home/dev/hyph-bench/.venv/lib/python3.13/site-packages/sklearn/gaussian_process/kernels.py:450: ConvergenceWarning: The optimal value found for dimension 1 of parameter k1__length_scale is close to the specified upper bound 1000.0. Increasing the bound and calling fit again may find a better value.
  warnings.warn(
/home/dev/hyph-bench/.venv/lib/python3.13/site-packages/sklearn/gaussian_process/kernels.py:450: ConvergenceWarning: The optimal value found for dimension 2 of parameter k1__length_scale is close to the specified upper bound 1000.0. Increasing the bound and calling fit again may find a better value.
  warnings.warn(
/home/dev/hyph-bench/.venv/lib/python3.13/site-packages/sklearn/gaussian_process/kernels.py:450: ConvergenceWarning: The optimal value found for dimension 4 of parameter k1__length_scale is close to the specified upper bound 1000.0. Increasing the bound and calling fit again may find a better value.
  warnings.warn(
/home/dev/hyph-bench/.venv/lib/python3.13/site-packages/sklearn/gaussian_process/kernels.py:450: ConvergenceWarning: The optimal value found for dimension 6 of parameter k1__length_scale is close to the specified upper bound 1000.0. Increasing the bound and calling fit again may find a better value.
  warnings.warn(
/home/dev/hyph-bench/.venv/lib/python3.13/site-packages/sklearn/gaussian_process/kernels.py:440: ConvergenceWarning: The optimal value found for dimension 0 of parameter k2__noise_level is close to the specified lower bound 0.0001. Decreasing the bound and calling fit again may find a better value.
  warnings.warn(
/home/dev/hyph-bench/.venv/lib/python3.13/site-packages/sklearn/gaussian_process/kernels.py:450: ConvergenceWarning: The optimal value found for dimension 1 of parameter k1__length_scale is close to the specified upper bound 1000.0. Increasing the bound and calling fit again may find a better value.
  warnings.warn(
/home/dev/hyph-bench/.venv/lib/python3.13/site-packages/sklearn/gaussian_process/kernels.py:450: ConvergenceWarning: The optimal value found for dimension 2 of parameter k1__length_scale is close to the specified upper bound 1000.0. Increasing the bound and calling fit again may find a better value.
  warnings.warn(
/home/dev/hyph-bench/.venv/lib/python3.13/site-packages/sklearn/gaussian_process/kernels.py:450: ConvergenceWarning: The optimal value found for dimension 4 of parameter k1__length_scale is close to the specified upper bound 1000.0. Increasing the bound and calling fit again may find a better value.
  warnings.warn(
/home/dev/hyph-bench/.venv/lib/python3.13/site-packages/sklearn/gaussian_process/kernels.py:450: ConvergenceWarning: The optimal value found for dimension 5 of parameter k1__length_scale is close to the specified upper bound 1000.0. Increasing the bound and calling fit again may find a better value.
  warnings.warn(
/home/dev/hyph-bench/.venv/lib/python3.13/site-packages/sklearn/gaussian_process/kernels.py:450: ConvergenceWarning: The optimal value found for dimension 6 of parameter k1__length_scale is close to the specified upper bound 1000.0. Increasing the bound and calling fit again may find a better value.
  warnings.warn(
/home/dev/hyph-bench/.venv/lib/python3.13/site-packages/sklearn/gaussian_process/kernels.py:450: ConvergenceWarning: The optimal value found for dimension 7 of parameter k1__length_scale is close to the specified upper bound 1000.0. Increasing the bound and calling fit again may find a better value.
  warnings.warn(
/home/dev/hyph-bench/.venv/lib/python3.13/site-packages/sklearn/gaussian_process/kernels.py:440: ConvergenceWarning: The optimal value found for dimension 0 of parameter k2__noise_level is close to the specified lower bound 0.0001. Decreasing the bound and calling fit again may find a better value.
  warnings.warn(
  Tested: params=(18, 24, 10, 12, 4, 5, 4, 5)
  validation: F_1/7=0.977627, precision=0.977398, recall=0.989012, good=178854, bad=4136, missed=1987, trie_nodes=33536, patterns=25196, objective=0.977600
  Tested: params=(29, 2, 28, 26, 3, 1, 1, 1)
  validation: F_1/7=0.977001, precision=0.976783, recall=0.987801, good=178635, bad=4246, missed=2206, trie_nodes=56731, patterns=46069, objective=0.976954
  Tested: params=(2, 25, 28, 30, 1, 4, 1, 1)
  validation: F_1/7=0.880234, precision=0.878247, recall=0.989975, good=179028, bad=24819, missed=1813, trie_nodes=47636, patterns=38096, objective=0.880194
  Tested: params=(22, 12, 17, 30, 1, 4, 5, 3)
  validation: F_1/7=0.979900, precision=0.979751, recall=0.987282, good=178541, bad=3690, missed=2300, trie_nodes=43584, patterns=33387, objective=0.979864
  Tested: params=(13, 30, 23, 19, 3, 3, 5, 1)
  validation: F_1/7=0.975554, precision=0.975316, recall=0.987365, good=178556, bad=4519, missed=2285, trie_nodes=44684, patterns=35200, objective=0.975517
  Best so far: params=(22, 12, 17, 30, 1, 4, 5, 3), score=0.979864, elapsed=200.7s

============================================================
Round 3/30
/home/dev/hyph-bench/.venv/lib/python3.13/site-packages/sklearn/gaussian_process/kernels.py:440: ConvergenceWarning: The optimal value found for dimension 0 of parameter k1__length_scale is close to the specified lower bound 0.001. Decreasing the bound and calling fit again may find a better value.
  warnings.warn(
/home/dev/hyph-bench/.venv/lib/python3.13/site-packages/sklearn/gaussian_process/kernels.py:450: ConvergenceWarning: The optimal value found for dimension 1 of parameter k1__length_scale is close to the specified upper bound 1000.0. Increasing the bound and calling fit again may find a better value.
  warnings.warn(
/home/dev/hyph-bench/.venv/lib/python3.13/site-packages/sklearn/gaussian_process/kernels.py:450: ConvergenceWarning: The optimal value found for dimension 2 of parameter k1__length_scale is close to the specified upper bound 1000.0. Increasing the bound and calling fit again may find a better value.
  warnings.warn(
/home/dev/hyph-bench/.venv/lib/python3.13/site-packages/sklearn/gaussian_process/kernels.py:450: ConvergenceWarning: The optimal value found for dimension 4 of parameter k1__length_scale is close to the specified upper bound 1000.0. Increasing the bound and calling fit again may find a better value.
  warnings.warn(
/home/dev/hyph-bench/.venv/lib/python3.13/site-packages/sklearn/gaussian_process/kernels.py:450: ConvergenceWarning: The optimal value found for dimension 6 of parameter k1__length_scale is close to the specified upper bound 1000.0. Increasing the bound and calling fit again may find a better value.
  warnings.warn(
/home/dev/hyph-bench/.venv/lib/python3.13/site-packages/sklearn/gaussian_process/kernels.py:440: ConvergenceWarning: The optimal value found for dimension 0 of parameter k2__noise_level is close to the specified lower bound 0.0001. Decreasing the bound and calling fit again may find a better value.
  warnings.warn(
/home/dev/hyph-bench/.venv/lib/python3.13/site-packages/sklearn/gaussian_process/kernels.py:450: ConvergenceWarning: The optimal value found for dimension 1 of parameter k1__length_scale is close to the specified upper bound 1000.0. Increasing the bound and calling fit again may find a better value.
  warnings.warn(
/home/dev/hyph-bench/.venv/lib/python3.13/site-packages/sklearn/gaussian_process/kernels.py:450: ConvergenceWarning: The optimal value found for dimension 2 of parameter k1__length_scale is close to the specified upper bound 1000.0. Increasing the bound and calling fit again may find a better value.
  warnings.warn(
/home/dev/hyph-bench/.venv/lib/python3.13/site-packages/sklearn/gaussian_process/kernels.py:450: ConvergenceWarning: The optimal value found for dimension 4 of parameter k1__length_scale is close to the specified upper bound 1000.0. Increasing the bound and calling fit again may find a better value.
  warnings.warn(
/home/dev/hyph-bench/.venv/lib/python3.13/site-packages/sklearn/gaussian_process/kernels.py:450: ConvergenceWarning: The optimal value found for dimension 5 of parameter k1__length_scale is close to the specified upper bound 1000.0. Increasing the bound and calling fit again may find a better value.
  warnings.warn(
/home/dev/hyph-bench/.venv/lib/python3.13/site-packages/sklearn/gaussian_process/kernels.py:450: ConvergenceWarning: The optimal value found for dimension 6 of parameter k1__length_scale is close to the specified upper bound 1000.0. Increasing the bound and calling fit again may find a better value.
  warnings.warn(
/home/dev/hyph-bench/.venv/lib/python3.13/site-packages/sklearn/gaussian_process/kernels.py:450: ConvergenceWarning: The optimal value found for dimension 7 of parameter k1__length_scale is close to the specified upper bound 1000.0. Increasing the bound and calling fit again may find a better value.
  warnings.warn(
/home/dev/hyph-bench/.venv/lib/python3.13/site-packages/sklearn/gaussian_process/kernels.py:440: ConvergenceWarning: The optimal value found for dimension 0 of parameter k2__noise_level is close to the specified lower bound 0.0001. Decreasing the bound and calling fit again may find a better value.
  warnings.warn(
/home/dev/hyph-bench/.venv/lib/python3.13/site-packages/sklearn/gaussian_process/kernels.py:440: ConvergenceWarning: The optimal value found for dimension 0 of parameter k1__length_scale is close to the specified lower bound 0.001. Decreasing the bound and calling fit again may find a better value.
  warnings.warn(
/home/dev/hyph-bench/.venv/lib/python3.13/site-packages/sklearn/gaussian_process/kernels.py:450: ConvergenceWarning: The optimal value found for dimension 1 of parameter k1__length_scale is close to the specified upper bound 1000.0. Increasing the bound and calling fit again may find a better value.
  warnings.warn(
/home/dev/hyph-bench/.venv/lib/python3.13/site-packages/sklearn/gaussian_process/kernels.py:450: ConvergenceWarning: The optimal value found for dimension 2 of parameter k1__length_scale is close to the specified upper bound 1000.0. Increasing the bound and calling fit again may find a better value.
  warnings.warn(
/home/dev/hyph-bench/.venv/lib/python3.13/site-packages/sklearn/gaussian_process/kernels.py:450: ConvergenceWarning: The optimal value found for dimension 4 of parameter k1__length_scale is close to the specified upper bound 1000.0. Increasing the bound and calling fit again may find a better value.
  warnings.warn(
/home/dev/hyph-bench/.venv/lib/python3.13/site-packages/sklearn/gaussian_process/kernels.py:450: ConvergenceWarning: The optimal value found for dimension 6 of parameter k1__length_scale is close to the specified upper bound 1000.0. Increasing the bound and calling fit again may find a better value.
  warnings.warn(
/home/dev/hyph-bench/.venv/lib/python3.13/site-packages/sklearn/gaussian_process/kernels.py:440: ConvergenceWarning: The optimal value found for dimension 0 of parameter k2__noise_level is close to the specified lower bound 0.0001. Decreasing the bound and calling fit again may find a better value.
  warnings.warn(
/home/dev/hyph-bench/.venv/lib/python3.13/site-packages/sklearn/gaussian_process/kernels.py:440: ConvergenceWarning: The optimal value found for dimension 0 of parameter k1__length_scale is close to the specified lower bound 0.001. Decreasing the bound and calling fit again may find a better value.
  warnings.warn(
/home/dev/hyph-bench/.venv/lib/python3.13/site-packages/sklearn/gaussian_process/kernels.py:450: ConvergenceWarning: The optimal value found for dimension 1 of parameter k1__length_scale is close to the specified upper bound 1000.0. Increasing the bound and calling fit again may find a better value.
  warnings.warn(
/home/dev/hyph-bench/.venv/lib/python3.13/site-packages/sklearn/gaussian_process/kernels.py:450: ConvergenceWarning: The optimal value found for dimension 2 of parameter k1__length_scale is close to the specified upper bound 1000.0. Increasing the bound and calling fit again may find a better value.
  warnings.warn(
/home/dev/hyph-bench/.venv/lib/python3.13/site-packages/sklearn/gaussian_process/kernels.py:450: ConvergenceWarning: The optimal value found for dimension 4 of parameter k1__length_scale is close to the specified upper bound 1000.0. Increasing the bound and calling fit again may find a better value.
  warnings.warn(
/home/dev/hyph-bench/.venv/lib/python3.13/site-packages/sklearn/gaussian_process/kernels.py:450: ConvergenceWarning: The optimal value found for dimension 6 of parameter k1__length_scale is close to the specified upper bound 1000.0. Increasing the bound and calling fit again may find a better value.
  warnings.warn(
/home/dev/hyph-bench/.venv/lib/python3.13/site-packages/sklearn/gaussian_process/kernels.py:440: ConvergenceWarning: The optimal value found for dimension 0 of parameter k2__noise_level is close to the specified lower bound 0.0001. Decreasing the bound and calling fit again may find a better value.
  warnings.warn(
/home/dev/hyph-bench/.venv/lib/python3.13/site-packages/sklearn/gaussian_process/kernels.py:440: ConvergenceWarning: The optimal value found for dimension 0 of parameter k1__length_scale is close to the specified lower bound 0.001. Decreasing the bound and calling fit again may find a better value.
  warnings.warn(
/home/dev/hyph-bench/.venv/lib/python3.13/site-packages/sklearn/gaussian_process/kernels.py:450: ConvergenceWarning: The optimal value found for dimension 1 of parameter k1__length_scale is close to the specified upper bound 1000.0. Increasing the bound and calling fit again may find a better value.
  warnings.warn(
/home/dev/hyph-bench/.venv/lib/python3.13/site-packages/sklearn/gaussian_process/kernels.py:450: ConvergenceWarning: The optimal value found for dimension 2 of parameter k1__length_scale is close to the specified upper bound 1000.0. Increasing the bound and calling fit again may find a better value.
  warnings.warn(
/home/dev/hyph-bench/.venv/lib/python3.13/site-packages/sklearn/gaussian_process/kernels.py:450: ConvergenceWarning: The optimal value found for dimension 4 of parameter k1__length_scale is close to the specified upper bound 1000.0. Increasing the bound and calling fit again may find a better value.
  warnings.warn(
/home/dev/hyph-bench/.venv/lib/python3.13/site-packages/sklearn/gaussian_process/kernels.py:450: ConvergenceWarning: The optimal value found for dimension 6 of parameter k1__length_scale is close to the specified upper bound 1000.0. Increasing the bound and calling fit again may find a better value.
  warnings.warn(
/home/dev/hyph-bench/.venv/lib/python3.13/site-packages/sklearn/gaussian_process/kernels.py:440: ConvergenceWarning: The optimal value found for dimension 0 of parameter k2__noise_level is close to the specified lower bound 0.0001. Decreasing the bound and calling fit again may find a better value.
  warnings.warn(
  Tested: params=(30, 23, 1, 1, 1, 3, 1, 5)
  validation: F_1/7=0.979460, precision=0.982724, recall=0.842359, good=152333, bad=2678, missed=28508, trie_nodes=32698, patterns=29820, objective=0.979433
  Tested: params=(19, 2, 30, 25, 2, 1, 3, 1)
  validation: F_1/7=0.978379, precision=0.978184, recall=0.988034, good=178677, bad=3985, missed=2164, trie_nodes=54988, patterns=45394, objective=0.978333
  Tested: params=(12, 30, 25, 5, 3, 2, 3, 1)
  validation: F_1/7=0.968549, precision=0.968187, recall=0.986668, good=178430, bad=5863, missed=2411, trie_nodes=47836, patterns=40029, objective=0.968510
  Tested: params=(17, 30, 5, 30, 4, 5, 3, 5)
  validation: F_1/7=0.974638, precision=0.974299, recall=0.991528, good=179309, bad=4730, missed=1532, trie_nodes=41845, patterns=31746, objective=0.974603
  Tested: params=(11, 1, 5, 2, 3, 5, 3, 2)
  validation: F_1/7=0.964332, precision=0.964245, recall=0.968580, good=175159, bad=6495, missed=5682, trie_nodes=41690, patterns=39586, objective=0.964297
  Best so far: params=(22, 12, 17, 30, 1, 4, 5, 3), score=0.979864, elapsed=302.0s

============================================================
Round 4/30
/home/dev/hyph-bench/.venv/lib/python3.13/site-packages/sklearn/gaussian_process/kernels.py:440: ConvergenceWarning: The optimal value found for dimension 0 of parameter k1__length_scale is close to the specified lower bound 0.001. Decreasing the bound and calling fit again may find a better value.
  warnings.warn(
/home/dev/hyph-bench/.venv/lib/python3.13/site-packages/sklearn/gaussian_process/kernels.py:450: ConvergenceWarning: The optimal value found for dimension 1 of parameter k1__length_scale is close to the specified upper bound 1000.0. Increasing the bound and calling fit again may find a better value.
  warnings.warn(
/home/dev/hyph-bench/.venv/lib/python3.13/site-packages/sklearn/gaussian_process/kernels.py:450: ConvergenceWarning: The optimal value found for dimension 2 of parameter k1__length_scale is close to the specified upper bound 1000.0. Increasing the bound and calling fit again may find a better value.
  warnings.warn(
/home/dev/hyph-bench/.venv/lib/python3.13/site-packages/sklearn/gaussian_process/kernels.py:450: ConvergenceWarning: The optimal value found for dimension 4 of parameter k1__length_scale is close to the specified upper bound 1000.0. Increasing the bound and calling fit again may find a better value.
  warnings.warn(
/home/dev/hyph-bench/.venv/lib/python3.13/site-packages/sklearn/gaussian_process/kernels.py:450: ConvergenceWarning: The optimal value found for dimension 6 of parameter k1__length_scale is close to the specified upper bound 1000.0. Increasing the bound and calling fit again may find a better value.
  warnings.warn(
/home/dev/hyph-bench/.venv/lib/python3.13/site-packages/sklearn/gaussian_process/kernels.py:440: ConvergenceWarning: The optimal value found for dimension 0 of parameter k2__noise_level is close to the specified lower bound 0.0001. Decreasing the bound and calling fit again may find a better value.
  warnings.warn(
/home/dev/hyph-bench/.venv/lib/python3.13/site-packages/sklearn/gaussian_process/kernels.py:450: ConvergenceWarning: The optimal value found for dimension 1 of parameter k1__length_scale is close to the specified upper bound 1000.0. Increasing the bound and calling fit again may find a better value.
  warnings.warn(
/home/dev/hyph-bench/.venv/lib/python3.13/site-packages/sklearn/gaussian_process/kernels.py:450: ConvergenceWarning: The optimal value found for dimension 2 of parameter k1__length_scale is close to the specified upper bound 1000.0. Increasing the bound and calling fit again may find a better value.
  warnings.warn(
/home/dev/hyph-bench/.venv/lib/python3.13/site-packages/sklearn/gaussian_process/kernels.py:450: ConvergenceWarning: The optimal value found for dimension 3 of parameter k1__length_scale is close to the specified upper bound 1000.0. Increasing the bound and calling fit again may find a better value.
  warnings.warn(
/home/dev/hyph-bench/.venv/lib/python3.13/site-packages/sklearn/gaussian_process/kernels.py:450: ConvergenceWarning: The optimal value found for dimension 5 of parameter k1__length_scale is close to the specified upper bound 1000.0. Increasing the bound and calling fit again may find a better value.
  warnings.warn(
/home/dev/hyph-bench/.venv/lib/python3.13/site-packages/sklearn/gaussian_process/kernels.py:450: ConvergenceWarning: The optimal value found for dimension 6 of parameter k1__length_scale is close to the specified upper bound 1000.0. Increasing the bound and calling fit again may find a better value.
  warnings.warn(
/home/dev/hyph-bench/.venv/lib/python3.13/site-packages/sklearn/gaussian_process/kernels.py:450: ConvergenceWarning: The optimal value found for dimension 7 of parameter k1__length_scale is close to the specified upper bound 1000.0. Increasing the bound and calling fit again may find a better value.
  warnings.warn(
/home/dev/hyph-bench/.venv/lib/python3.13/site-packages/sklearn/gaussian_process/kernels.py:440: ConvergenceWarning: The optimal value found for dimension 0 of parameter k2__noise_level is close to the specified lower bound 0.0001. Decreasing the bound and calling fit again may find a better value.
  warnings.warn(
/home/dev/hyph-bench/.venv/lib/python3.13/site-packages/sklearn/gaussian_process/kernels.py:450: ConvergenceWarning: The optimal value found for dimension 1 of parameter k1__length_scale is close to the specified upper bound 1000.0. Increasing the bound and calling fit again may find a better value.
  warnings.warn(
/home/dev/hyph-bench/.venv/lib/python3.13/site-packages/sklearn/gaussian_process/kernels.py:450: ConvergenceWarning: The optimal value found for dimension 2 of parameter k1__length_scale is close to the specified upper bound 1000.0. Increasing the bound and calling fit again may find a better value.
  warnings.warn(
/home/dev/hyph-bench/.venv/lib/python3.13/site-packages/sklearn/gaussian_process/kernels.py:450: ConvergenceWarning: The optimal value found for dimension 3 of parameter k1__length_scale is close to the specified upper bound 1000.0. Increasing the bound and calling fit again may find a better value.
  warnings.warn(
/home/dev/hyph-bench/.venv/lib/python3.13/site-packages/sklearn/gaussian_process/kernels.py:450: ConvergenceWarning: The optimal value found for dimension 5 of parameter k1__length_scale is close to the specified upper bound 1000.0. Increasing the bound and calling fit again may find a better value.
  warnings.warn(
/home/dev/hyph-bench/.venv/lib/python3.13/site-packages/sklearn/gaussian_process/kernels.py:450: ConvergenceWarning: The optimal value found for dimension 6 of parameter k1__length_scale is close to the specified upper bound 1000.0. Increasing the bound and calling fit again may find a better value.
  warnings.warn(
/home/dev/hyph-bench/.venv/lib/python3.13/site-packages/sklearn/gaussian_process/kernels.py:450: ConvergenceWarning: The optimal value found for dimension 7 of parameter k1__length_scale is close to the specified upper bound 1000.0. Increasing the bound and calling fit again may find a better value.
  warnings.warn(
/home/dev/hyph-bench/.venv/lib/python3.13/site-packages/sklearn/gaussian_process/kernels.py:440: ConvergenceWarning: The optimal value found for dimension 0 of parameter k2__noise_level is close to the specified lower bound 0.0001. Decreasing the bound and calling fit again may find a better value.
  warnings.warn(
/home/dev/hyph-bench/.venv/lib/python3.13/site-packages/sklearn/gaussian_process/kernels.py:440: ConvergenceWarning: The optimal value found for dimension 0 of parameter k1__length_scale is close to the specified lower bound 0.001. Decreasing the bound and calling fit again may find a better value.
  warnings.warn(
/home/dev/hyph-bench/.venv/lib/python3.13/site-packages/sklearn/gaussian_process/kernels.py:450: ConvergenceWarning: The optimal value found for dimension 1 of parameter k1__length_scale is close to the specified upper bound 1000.0. Increasing the bound and calling fit again may find a better value.
  warnings.warn(
/home/dev/hyph-bench/.venv/lib/python3.13/site-packages/sklearn/gaussian_process/kernels.py:450: ConvergenceWarning: The optimal value found for dimension 2 of parameter k1__length_scale is close to the specified upper bound 1000.0. Increasing the bound and calling fit again may find a better value.
  warnings.warn(
/home/dev/hyph-bench/.venv/lib/python3.13/site-packages/sklearn/gaussian_process/kernels.py:450: ConvergenceWarning: The optimal value found for dimension 4 of parameter k1__length_scale is close to the specified upper bound 1000.0. Increasing the bound and calling fit again may find a better value.
  warnings.warn(
/home/dev/hyph-bench/.venv/lib/python3.13/site-packages/sklearn/gaussian_process/kernels.py:450: ConvergenceWarning: The optimal value found for dimension 6 of parameter k1__length_scale is close to the specified upper bound 1000.0. Increasing the bound and calling fit again may find a better value.
  warnings.warn(
/home/dev/hyph-bench/.venv/lib/python3.13/site-packages/sklearn/gaussian_process/kernels.py:440: ConvergenceWarning: The optimal value found for dimension 0 of parameter k2__noise_level is close to the specified lower bound 0.0001. Decreasing the bound and calling fit again may find a better value.
  warnings.warn(
/home/dev/hyph-bench/.venv/lib/python3.13/site-packages/sklearn/gaussian_process/kernels.py:440: ConvergenceWarning: The optimal value found for dimension 0 of parameter k1__length_scale is close to the specified lower bound 0.001. Decreasing the bound and calling fit again may find a better value.
  warnings.warn(
/home/dev/hyph-bench/.venv/lib/python3.13/site-packages/sklearn/gaussian_process/kernels.py:450: ConvergenceWarning: The optimal value found for dimension 1 of parameter k1__length_scale is close to the specified upper bound 1000.0. Increasing the bound and calling fit again may find a better value.
  warnings.warn(
/home/dev/hyph-bench/.venv/lib/python3.13/site-packages/sklearn/gaussian_process/kernels.py:450: ConvergenceWarning: The optimal value found for dimension 2 of parameter k1__length_scale is close to the specified upper bound 1000.0. Increasing the bound and calling fit again may find a better value.
  warnings.warn(
/home/dev/hyph-bench/.venv/lib/python3.13/site-packages/sklearn/gaussian_process/kernels.py:450: ConvergenceWarning: The optimal value found for dimension 3 of parameter k1__length_scale is close to the specified upper bound 1000.0. Increasing the bound and calling fit again may find a better value.
  warnings.warn(
/home/dev/hyph-bench/.venv/lib/python3.13/site-packages/sklearn/gaussian_process/kernels.py:450: ConvergenceWarning: The optimal value found for dimension 5 of parameter k1__length_scale is close to the specified upper bound 1000.0. Increasing the bound and calling fit again may find a better value.
  warnings.warn(
/home/dev/hyph-bench/.venv/lib/python3.13/site-packages/sklearn/gaussian_process/kernels.py:450: ConvergenceWarning: The optimal value found for dimension 6 of parameter k1__length_scale is close to the specified upper bound 1000.0. Increasing the bound and calling fit again may find a better value.
  warnings.warn(
/home/dev/hyph-bench/.venv/lib/python3.13/site-packages/sklearn/gaussian_process/kernels.py:440: ConvergenceWarning: The optimal value found for dimension 0 of parameter k2__noise_level is close to the specified lower bound 0.0001. Decreasing the bound and calling fit again may find a better value.
  warnings.warn(
  Tested: params=(8, 8, 14, 20, 1, 2, 4, 3)
  validation: F_1/7=0.962374, precision=0.961872, recall=0.987658, good=178609, bad=7080, missed=2232, trie_nodes=41230, patterns=33427, objective=0.962340
  Tested: params=(30, 24, 29, 4, 5, 5, 1, 3)
  validation: F_1/7=0.976984, precision=0.976776, recall=0.987271, good=178539, bad=4245, missed=2302, trie_nodes=52307, patterns=40468, objective=0.976940
  Tested: params=(29, 30, 2, 30, 2, 3, 2, 3)
  validation: F_1/7=0.976944, precision=0.976680, recall=0.990058, good=179043, bad=4275, missed=1798, trie_nodes=52212, patterns=46749, objective=0.976901
  Tested: params=(2, 30, 6, 2, 2, 3, 2, 5)
  validation: F_1/7=0.883699, precision=0.881860, recall=0.984323, good=178006, bad=23847, missed=2835, trie_nodes=42141, patterns=36184, objective=0.883665
  Tested: params=(28, 6, 1, 1, 1, 1, 1, 1)
  validation: F_1/7=0.979714, precision=0.983014, recall=0.841325, good=152146, bad=2629, missed=28695, trie_nodes=33112, patterns=32264, objective=0.979687
  Best so far: params=(22, 12, 17, 30, 1, 4, 5, 3), score=0.979864, elapsed=402.7s

============================================================
Round 5/30
/home/dev/hyph-bench/.venv/lib/python3.13/site-packages/sklearn/gaussian_process/kernels.py:450: ConvergenceWarning: The optimal value found for dimension 1 of parameter k1__length_scale is close to the specified upper bound 1000.0. Increasing the bound and calling fit again may find a better value.
  warnings.warn(
/home/dev/hyph-bench/.venv/lib/python3.13/site-packages/sklearn/gaussian_process/kernels.py:450: ConvergenceWarning: The optimal value found for dimension 2 of parameter k1__length_scale is close to the specified upper bound 1000.0. Increasing the bound and calling fit again may find a better value.
  warnings.warn(
/home/dev/hyph-bench/.venv/lib/python3.13/site-packages/sklearn/gaussian_process/kernels.py:450: ConvergenceWarning: The optimal value found for dimension 3 of parameter k1__length_scale is close to the specified upper bound 1000.0. Increasing the bound and calling fit again may find a better value.
  warnings.warn(
/home/dev/hyph-bench/.venv/lib/python3.13/site-packages/sklearn/gaussian_process/kernels.py:450: ConvergenceWarning: The optimal value found for dimension 5 of parameter k1__length_scale is close to the specified upper bound 1000.0. Increasing the bound and calling fit again may find a better value.
  warnings.warn(
/home/dev/hyph-bench/.venv/lib/python3.13/site-packages/sklearn/gaussian_process/kernels.py:450: ConvergenceWarning: The optimal value found for dimension 6 of parameter k1__length_scale is close to the specified upper bound 1000.0. Increasing the bound and calling fit again may find a better value.
  warnings.warn(
/home/dev/hyph-bench/.venv/lib/python3.13/site-packages/sklearn/gaussian_process/kernels.py:440: ConvergenceWarning: The optimal value found for dimension 0 of parameter k2__noise_level is close to the specified lower bound 0.0001. Decreasing the bound and calling fit again may find a better value.
  warnings.warn(
/home/dev/hyph-bench/.venv/lib/python3.13/site-packages/sklearn/gaussian_process/kernels.py:450: ConvergenceWarning: The optimal value found for dimension 1 of parameter k1__length_scale is close to the specified upper bound 1000.0. Increasing the bound and calling fit again may find a better value.
  warnings.warn(
/home/dev/hyph-bench/.venv/lib/python3.13/site-packages/sklearn/gaussian_process/kernels.py:450: ConvergenceWarning: The optimal value found for dimension 2 of parameter k1__length_scale is close to the specified upper bound 1000.0. Increasing the bound and calling fit again may find a better value.
  warnings.warn(
/home/dev/hyph-bench/.venv/lib/python3.13/site-packages/sklearn/gaussian_process/kernels.py:450: ConvergenceWarning: The optimal value found for dimension 3 of parameter k1__length_scale is close to the specified upper bound 1000.0. Increasing the bound and calling fit again may find a better value.
  warnings.warn(
/home/dev/hyph-bench/.venv/lib/python3.13/site-packages/sklearn/gaussian_process/kernels.py:450: ConvergenceWarning: The optimal value found for dimension 5 of parameter k1__length_scale is close to the specified upper bound 1000.0. Increasing the bound and calling fit again may find a better value.
  warnings.warn(
/home/dev/hyph-bench/.venv/lib/python3.13/site-packages/sklearn/gaussian_process/kernels.py:450: ConvergenceWarning: The optimal value found for dimension 6 of parameter k1__length_scale is close to the specified upper bound 1000.0. Increasing the bound and calling fit again may find a better value.
  warnings.warn(
/home/dev/hyph-bench/.venv/lib/python3.13/site-packages/sklearn/gaussian_process/kernels.py:440: ConvergenceWarning: The optimal value found for dimension 0 of parameter k2__noise_level is close to the specified lower bound 0.0001. Decreasing the bound and calling fit again may find a better value.
  warnings.warn(
/home/dev/hyph-bench/.venv/lib/python3.13/site-packages/sklearn/gaussian_process/kernels.py:450: ConvergenceWarning: The optimal value found for dimension 1 of parameter k1__length_scale is close to the specified upper bound 1000.0. Increasing the bound and calling fit again may find a better value.
  warnings.warn(
/home/dev/hyph-bench/.venv/lib/python3.13/site-packages/sklearn/gaussian_process/kernels.py:450: ConvergenceWarning: The optimal value found for dimension 2 of parameter k1__length_scale is close to the specified upper bound 1000.0. Increasing the bound and calling fit again may find a better value.
  warnings.warn(
/home/dev/hyph-bench/.venv/lib/python3.13/site-packages/sklearn/gaussian_process/kernels.py:450: ConvergenceWarning: The optimal value found for dimension 4 of parameter k1__length_scale is close to the specified upper bound 1000.0. Increasing the bound and calling fit again may find a better value.
  warnings.warn(
/home/dev/hyph-bench/.venv/lib/python3.13/site-packages/sklearn/gaussian_process/kernels.py:450: ConvergenceWarning: The optimal value found for dimension 5 of parameter k1__length_scale is close to the specified upper bound 1000.0. Increasing the bound and calling fit again may find a better value.
  warnings.warn(
/home/dev/hyph-bench/.venv/lib/python3.13/site-packages/sklearn/gaussian_process/kernels.py:450: ConvergenceWarning: The optimal value found for dimension 6 of parameter k1__length_scale is close to the specified upper bound 1000.0. Increasing the bound and calling fit again may find a better value.
  warnings.warn(
/home/dev/hyph-bench/.venv/lib/python3.13/site-packages/sklearn/gaussian_process/kernels.py:440: ConvergenceWarning: The optimal value found for dimension 0 of parameter k2__noise_level is close to the specified lower bound 0.0001. Decreasing the bound and calling fit again may find a better value.
  warnings.warn(
/home/dev/hyph-bench/.venv/lib/python3.13/site-packages/sklearn/gaussian_process/kernels.py:450: ConvergenceWarning: The optimal value found for dimension 2 of parameter k1__length_scale is close to the specified upper bound 1000.0. Increasing the bound and calling fit again may find a better value.
  warnings.warn(
/home/dev/hyph-bench/.venv/lib/python3.13/site-packages/sklearn/gaussian_process/kernels.py:450: ConvergenceWarning: The optimal value found for dimension 3 of parameter k1__length_scale is close to the specified upper bound 1000.0. Increasing the bound and calling fit again may find a better value.
  warnings.warn(
/home/dev/hyph-bench/.venv/lib/python3.13/site-packages/sklearn/gaussian_process/kernels.py:450: ConvergenceWarning: The optimal value found for dimension 5 of parameter k1__length_scale is close to the specified upper bound 1000.0. Increasing the bound and calling fit again may find a better value.
  warnings.warn(
/home/dev/hyph-bench/.venv/lib/python3.13/site-packages/sklearn/gaussian_process/kernels.py:450: ConvergenceWarning: The optimal value found for dimension 6 of parameter k1__length_scale is close to the specified upper bound 1000.0. Increasing the bound and calling fit again may find a better value.
  warnings.warn(
/home/dev/hyph-bench/.venv/lib/python3.13/site-packages/sklearn/gaussian_process/kernels.py:450: ConvergenceWarning: The optimal value found for dimension 7 of parameter k1__length_scale is close to the specified upper bound 1000.0. Increasing the bound and calling fit again may find a better value.
  warnings.warn(
/home/dev/hyph-bench/.venv/lib/python3.13/site-packages/sklearn/gaussian_process/kernels.py:440: ConvergenceWarning: The optimal value found for dimension 0 of parameter k2__noise_level is close to the specified lower bound 0.0001. Decreasing the bound and calling fit again may find a better value.
  warnings.warn(
/home/dev/hyph-bench/.venv/lib/python3.13/site-packages/sklearn/gaussian_process/kernels.py:450: ConvergenceWarning: The optimal value found for dimension 2 of parameter k1__length_scale is close to the specified upper bound 1000.0. Increasing the bound and calling fit again may find a better value.
  warnings.warn(
/home/dev/hyph-bench/.venv/lib/python3.13/site-packages/sklearn/gaussian_process/kernels.py:450: ConvergenceWarning: The optimal value found for dimension 3 of parameter k1__length_scale is close to the specified upper bound 1000.0. Increasing the bound and calling fit again may find a better value.
  warnings.warn(
/home/dev/hyph-bench/.venv/lib/python3.13/site-packages/sklearn/gaussian_process/kernels.py:450: ConvergenceWarning: The optimal value found for dimension 5 of parameter k1__length_scale is close to the specified upper bound 1000.0. Increasing the bound and calling fit again may find a better value.
  warnings.warn(
/home/dev/hyph-bench/.venv/lib/python3.13/site-packages/sklearn/gaussian_process/kernels.py:450: ConvergenceWarning: The optimal value found for dimension 6 of parameter k1__length_scale is close to the specified upper bound 1000.0. Increasing the bound and calling fit again may find a better value.
  warnings.warn(
/home/dev/hyph-bench/.venv/lib/python3.13/site-packages/sklearn/gaussian_process/kernels.py:450: ConvergenceWarning: The optimal value found for dimension 7 of parameter k1__length_scale is close to the specified upper bound 1000.0. Increasing the bound and calling fit again may find a better value.
  warnings.warn(
/home/dev/hyph-bench/.venv/lib/python3.13/site-packages/sklearn/gaussian_process/kernels.py:440: ConvergenceWarning: The optimal value found for dimension 0 of parameter k2__noise_level is close to the specified lower bound 0.0001. Decreasing the bound and calling fit again may find a better value.
  warnings.warn(
  Tested: params=(4, 21, 25, 11, 4, 1, 1, 3)
  validation: F_1/7=0.889283, precision=0.887462, recall=0.988692, good=178796, bad=22673, missed=2045, trie_nodes=47257, patterns=39480, objective=0.889244
  Tested: params=(26, 1, 1, 28, 2, 3, 2, 4)
  validation: F_1/7=0.968872, precision=0.968443, recall=0.990367, good=179099, bad=5836, missed=1742, trie_nodes=44872, patterns=42403, objective=0.968835
  Tested: params=(26, 25, 6, 1, 5, 2, 5, 2)
  validation: F_1/7=0.981625, precision=0.981903, recall=0.968188, good=175088, bad=3227, missed=5753, trie_nodes=37091, patterns=30917, objective=0.981594
  Tested: params=(1, 9, 1, 2, 1, 5, 4, 4)
  validation: F_1/7=0.873243, precision=0.872118, recall=0.932178, good=168576, bad=24719, missed=12265, trie_nodes=25489, patterns=23441, objective=0.873222
  Tested: params=(25, 28, 27, 28, 4, 5, 5, 4)
  validation: F_1/7=0.977378, precision=0.977173, recall=0.987564, good=178592, bad=4172, missed=2249, trie_nodes=36951, patterns=26532, objective=0.977348
  Best so far: params=(26, 25, 6, 1, 5, 2, 5, 2), score=0.981594, elapsed=506.3s

============================================================
Round 6/30
/home/dev/hyph-bench/.venv/lib/python3.13/site-packages/sklearn/gaussian_process/kernels.py:450: ConvergenceWarning: The optimal value found for dimension 2 of parameter k1__length_scale is close to the specified upper bound 1000.0. Increasing the bound and calling fit again may find a better value.
  warnings.warn(
/home/dev/hyph-bench/.venv/lib/python3.13/site-packages/sklearn/gaussian_process/kernels.py:450: ConvergenceWarning: The optimal value found for dimension 3 of parameter k1__length_scale is close to the specified upper bound 1000.0. Increasing the bound and calling fit again may find a better value.
  warnings.warn(
/home/dev/hyph-bench/.venv/lib/python3.13/site-packages/sklearn/gaussian_process/kernels.py:450: ConvergenceWarning: The optimal value found for dimension 5 of parameter k1__length_scale is close to the specified upper bound 1000.0. Increasing the bound and calling fit again may find a better value.
  warnings.warn(
/home/dev/hyph-bench/.venv/lib/python3.13/site-packages/sklearn/gaussian_process/kernels.py:450: ConvergenceWarning: The optimal value found for dimension 6 of parameter k1__length_scale is close to the specified upper bound 1000.0. Increasing the bound and calling fit again may find a better value.
  warnings.warn(
/home/dev/hyph-bench/.venv/lib/python3.13/site-packages/sklearn/gaussian_process/kernels.py:450: ConvergenceWarning: The optimal value found for dimension 7 of parameter k1__length_scale is close to the specified upper bound 1000.0. Increasing the bound and calling fit again may find a better value.
  warnings.warn(
/home/dev/hyph-bench/.venv/lib/python3.13/site-packages/sklearn/gaussian_process/kernels.py:440: ConvergenceWarning: The optimal value found for dimension 0 of parameter k2__noise_level is close to the specified lower bound 0.0001. Decreasing the bound and calling fit again may find a better value.
  warnings.warn(
/home/dev/hyph-bench/.venv/lib/python3.13/site-packages/sklearn/gaussian_process/kernels.py:440: ConvergenceWarning: The optimal value found for dimension 0 of parameter k1__length_scale is close to the specified lower bound 0.001. Decreasing the bound and calling fit again may find a better value.
  warnings.warn(
/home/dev/hyph-bench/.venv/lib/python3.13/site-packages/sklearn/gaussian_process/kernels.py:450: ConvergenceWarning: The optimal value found for dimension 1 of parameter k1__length_scale is close to the specified upper bound 1000.0. Increasing the bound and calling fit again may find a better value.
  warnings.warn(
/home/dev/hyph-bench/.venv/lib/python3.13/site-packages/sklearn/gaussian_process/kernels.py:450: ConvergenceWarning: The optimal value found for dimension 2 of parameter k1__length_scale is close to the specified upper bound 1000.0. Increasing the bound and calling fit again may find a better value.
  warnings.warn(
/home/dev/hyph-bench/.venv/lib/python3.13/site-packages/sklearn/gaussian_process/kernels.py:440: ConvergenceWarning: The optimal value found for dimension 3 of parameter k1__length_scale is close to the specified lower bound 0.001. Decreasing the bound and calling fit again may find a better value.
  warnings.warn(
/home/dev/hyph-bench/.venv/lib/python3.13/site-packages/sklearn/gaussian_process/kernels.py:450: ConvergenceWarning: The optimal value found for dimension 4 of parameter k1__length_scale is close to the specified upper bound 1000.0. Increasing the bound and calling fit again may find a better value.
  warnings.warn(
/home/dev/hyph-bench/.venv/lib/python3.13/site-packages/sklearn/gaussian_process/kernels.py:450: ConvergenceWarning: The optimal value found for dimension 6 of parameter k1__length_scale is close to the specified upper bound 1000.0. Increasing the bound and calling fit again may find a better value.
  warnings.warn(
/home/dev/hyph-bench/.venv/lib/python3.13/site-packages/sklearn/gaussian_process/kernels.py:450: ConvergenceWarning: The optimal value found for dimension 7 of parameter k1__length_scale is close to the specified upper bound 1000.0. Increasing the bound and calling fit again may find a better value.
  warnings.warn(
/home/dev/hyph-bench/.venv/lib/python3.13/site-packages/sklearn/gaussian_process/kernels.py:440: ConvergenceWarning: The optimal value found for dimension 0 of parameter k2__noise_level is close to the specified lower bound 0.0001. Decreasing the bound and calling fit again may find a better value.
  warnings.warn(
/home/dev/hyph-bench/.venv/lib/python3.13/site-packages/sklearn/gaussian_process/kernels.py:440: ConvergenceWarning: The optimal value found for dimension 0 of parameter k1__length_scale is close to the specified lower bound 0.001. Decreasing the bound and calling fit again may find a better value.
  warnings.warn(
/home/dev/hyph-bench/.venv/lib/python3.13/site-packages/sklearn/gaussian_process/kernels.py:450: ConvergenceWarning: The optimal value found for dimension 1 of parameter k1__length_scale is close to the specified upper bound 1000.0. Increasing the bound and calling fit again may find a better value.
  warnings.warn(
/home/dev/hyph-bench/.venv/lib/python3.13/site-packages/sklearn/gaussian_process/kernels.py:450: ConvergenceWarning: The optimal value found for dimension 2 of parameter k1__length_scale is close to the specified upper bound 1000.0. Increasing the bound and calling fit again may find a better value.
  warnings.warn(
/home/dev/hyph-bench/.venv/lib/python3.13/site-packages/sklearn/gaussian_process/kernels.py:440: ConvergenceWarning: The optimal value found for dimension 3 of parameter k1__length_scale is close to the specified lower bound 0.001. Decreasing the bound and calling fit again may find a better value.
  warnings.warn(
/home/dev/hyph-bench/.venv/lib/python3.13/site-packages/sklearn/gaussian_process/kernels.py:450: ConvergenceWarning: The optimal value found for dimension 4 of parameter k1__length_scale is close to the specified upper bound 1000.0. Increasing the bound and calling fit again may find a better value.
  warnings.warn(
/home/dev/hyph-bench/.venv/lib/python3.13/site-packages/sklearn/gaussian_process/kernels.py:450: ConvergenceWarning: The optimal value found for dimension 6 of parameter k1__length_scale is close to the specified upper bound 1000.0. Increasing the bound and calling fit again may find a better value.
  warnings.warn(
/home/dev/hyph-bench/.venv/lib/python3.13/site-packages/sklearn/gaussian_process/kernels.py:450: ConvergenceWarning: The optimal value found for dimension 7 of parameter k1__length_scale is close to the specified upper bound 1000.0. Increasing the bound and calling fit again may find a better value.
  warnings.warn(
/home/dev/hyph-bench/.venv/lib/python3.13/site-packages/sklearn/gaussian_process/kernels.py:440: ConvergenceWarning: The optimal value found for dimension 0 of parameter k2__noise_level is close to the specified lower bound 0.0001. Decreasing the bound and calling fit again may find a better value.
  warnings.warn(
/home/dev/hyph-bench/.venv/lib/python3.13/site-packages/sklearn/gaussian_process/kernels.py:440: ConvergenceWarning: The optimal value found for dimension 0 of parameter k1__length_scale is close to the specified lower bound 0.001. Decreasing the bound and calling fit again may find a better value.
  warnings.warn(
/home/dev/hyph-bench/.venv/lib/python3.13/site-packages/sklearn/gaussian_process/kernels.py:450: ConvergenceWarning: The optimal value found for dimension 1 of parameter k1__length_scale is close to the specified upper bound 1000.0. Increasing the bound and calling fit again may find a better value.
  warnings.warn(
/home/dev/hyph-bench/.venv/lib/python3.13/site-packages/sklearn/gaussian_process/kernels.py:450: ConvergenceWarning: The optimal value found for dimension 2 of parameter k1__length_scale is close to the specified upper bound 1000.0. Increasing the bound and calling fit again may find a better value.
  warnings.warn(
/home/dev/hyph-bench/.venv/lib/python3.13/site-packages/sklearn/gaussian_process/kernels.py:450: ConvergenceWarning: The optimal value found for dimension 4 of parameter k1__length_scale is close to the specified upper bound 1000.0. Increasing the bound and calling fit again may find a better value.
  warnings.warn(
/home/dev/hyph-bench/.venv/lib/python3.13/site-packages/sklearn/gaussian_process/kernels.py:450: ConvergenceWarning: The optimal value found for dimension 6 of parameter k1__length_scale is close to the specified upper bound 1000.0. Increasing the bound and calling fit again may find a better value.
  warnings.warn(
/home/dev/hyph-bench/.venv/lib/python3.13/site-packages/sklearn/gaussian_process/kernels.py:450: ConvergenceWarning: The optimal value found for dimension 7 of parameter k1__length_scale is close to the specified upper bound 1000.0. Increasing the bound and calling fit again may find a better value.
  warnings.warn(
/home/dev/hyph-bench/.venv/lib/python3.13/site-packages/sklearn/gaussian_process/kernels.py:440: ConvergenceWarning: The optimal value found for dimension 0 of parameter k2__noise_level is close to the specified lower bound 0.0001. Decreasing the bound and calling fit again may find a better value.
  warnings.warn(
/home/dev/hyph-bench/.venv/lib/python3.13/site-packages/sklearn/gaussian_process/kernels.py:440: ConvergenceWarning: The optimal value found for dimension 0 of parameter k1__length_scale is close to the specified lower bound 0.001. Decreasing the bound and calling fit again may find a better value.
  warnings.warn(
/home/dev/hyph-bench/.venv/lib/python3.13/site-packages/sklearn/gaussian_process/kernels.py:450: ConvergenceWarning: The optimal value found for dimension 1 of parameter k1__length_scale is close to the specified upper bound 1000.0. Increasing the bound and calling fit again may find a better value.
  warnings.warn(
/home/dev/hyph-bench/.venv/lib/python3.13/site-packages/sklearn/gaussian_process/kernels.py:450: ConvergenceWarning: The optimal value found for dimension 2 of parameter k1__length_scale is close to the specified upper bound 1000.0. Increasing the bound and calling fit again may find a better value.
  warnings.warn(
/home/dev/hyph-bench/.venv/lib/python3.13/site-packages/sklearn/gaussian_process/kernels.py:450: ConvergenceWarning: The optimal value found for dimension 5 of parameter k1__length_scale is close to the specified upper bound 1000.0. Increasing the bound and calling fit again may find a better value.
  warnings.warn(
/home/dev/hyph-bench/.venv/lib/python3.13/site-packages/sklearn/gaussian_process/kernels.py:450: ConvergenceWarning: The optimal value found for dimension 6 of parameter k1__length_scale is close to the specified upper bound 1000.0. Increasing the bound and calling fit again may find a better value.
  warnings.warn(
/home/dev/hyph-bench/.venv/lib/python3.13/site-packages/sklearn/gaussian_process/kernels.py:450: ConvergenceWarning: The optimal value found for dimension 7 of parameter k1__length_scale is close to the specified upper bound 1000.0. Increasing the bound and calling fit again may find a better value.
  warnings.warn(
/home/dev/hyph-bench/.venv/lib/python3.13/site-packages/sklearn/gaussian_process/kernels.py:440: ConvergenceWarning: The optimal value found for dimension 0 of parameter k2__noise_level is close to the specified lower bound 0.0001. Decreasing the bound and calling fit again may find a better value.
  warnings.warn(
  Tested: params=(15, 1, 15, 3, 1, 1, 3, 2)
  validation: F_1/7=0.975494, precision=0.975249, recall=0.987652, good=178608, bad=4533, missed=2233, trie_nodes=53421, patterns=47213, objective=0.975449
  Tested: params=(28, 28, 30, 30, 2, 3, 2, 4)
  validation: F_1/7=0.975055, precision=0.974778, recall=0.988830, good=178821, bad=4627, missed=2020, trie_nodes=52007, patterns=40844, objective=0.975012
  Tested: params=(14, 26, 1, 16, 5, 3, 5, 3)
  validation: F_1/7=0.975793, precision=0.975536, recall=0.988537, good=178768, bad=4483, missed=2073, trie_nodes=47236, patterns=40692, objective=0.975754
  Tested: params=(30, 4, 5, 21, 5, 5, 5, 4)
  validation: F_1/7=0.976367, precision=0.976103, recall=0.989516, good=178945, bad=4381, missed=1896, trie_nodes=33275, patterns=26386, objective=0.976340
  Tested: params=(27, 27, 11, 1, 3, 1, 1, 5)
  validation: F_1/7=0.978423, precision=0.978391, recall=0.979960, good=177217, bad=3914, missed=3624, trie_nodes=45539, patterns=37583, objective=0.978385
  Best so far: params=(26, 25, 6, 1, 5, 2, 5, 2), score=0.981594, elapsed=610.2s

============================================================
Round 7/30
/home/dev/hyph-bench/.venv/lib/python3.13/site-packages/sklearn/gaussian_process/kernels.py:450: ConvergenceWarning: The optimal value found for dimension 1 of parameter k1__length_scale is close to the specified upper bound 1000.0. Increasing the bound and calling fit again may find a better value.
  warnings.warn(
/home/dev/hyph-bench/.venv/lib/python3.13/site-packages/sklearn/gaussian_process/kernels.py:450: ConvergenceWarning: The optimal value found for dimension 2 of parameter k1__length_scale is close to the specified upper bound 1000.0. Increasing the bound and calling fit again may find a better value.
  warnings.warn(
/home/dev/hyph-bench/.venv/lib/python3.13/site-packages/sklearn/gaussian_process/kernels.py:450: ConvergenceWarning: The optimal value found for dimension 5 of parameter k1__length_scale is close to the specified upper bound 1000.0. Increasing the bound and calling fit again may find a better value.
  warnings.warn(
/home/dev/hyph-bench/.venv/lib/python3.13/site-packages/sklearn/gaussian_process/kernels.py:450: ConvergenceWarning: The optimal value found for dimension 6 of parameter k1__length_scale is close to the specified upper bound 1000.0. Increasing the bound and calling fit again may find a better value.
  warnings.warn(
/home/dev/hyph-bench/.venv/lib/python3.13/site-packages/sklearn/gaussian_process/kernels.py:450: ConvergenceWarning: The optimal value found for dimension 7 of parameter k1__length_scale is close to the specified upper bound 1000.0. Increasing the bound and calling fit again may find a better value.
  warnings.warn(
/home/dev/hyph-bench/.venv/lib/python3.13/site-packages/sklearn/gaussian_process/kernels.py:440: ConvergenceWarning: The optimal value found for dimension 0 of parameter k2__noise_level is close to the specified lower bound 0.0001. Decreasing the bound and calling fit again may find a better value.
  warnings.warn(
/home/dev/hyph-bench/.venv/lib/python3.13/site-packages/sklearn/gaussian_process/kernels.py:450: ConvergenceWarning: The optimal value found for dimension 2 of parameter k1__length_scale is close to the specified upper bound 1000.0. Increasing the bound and calling fit again may find a better value.
  warnings.warn(
/home/dev/hyph-bench/.venv/lib/python3.13/site-packages/sklearn/gaussian_process/kernels.py:450: ConvergenceWarning: The optimal value found for dimension 5 of parameter k1__length_scale is close to the specified upper bound 1000.0. Increasing the bound and calling fit again may find a better value.
  warnings.warn(
/home/dev/hyph-bench/.venv/lib/python3.13/site-packages/sklearn/gaussian_process/kernels.py:450: ConvergenceWarning: The optimal value found for dimension 6 of parameter k1__length_scale is close to the specified upper bound 1000.0. Increasing the bound and calling fit again may find a better value.
  warnings.warn(
/home/dev/hyph-bench/.venv/lib/python3.13/site-packages/sklearn/gaussian_process/kernels.py:450: ConvergenceWarning: The optimal value found for dimension 2 of parameter k1__length_scale is close to the specified upper bound 1000.0. Increasing the bound and calling fit again may find a better value.
  warnings.warn(
/home/dev/hyph-bench/.venv/lib/python3.13/site-packages/sklearn/gaussian_process/kernels.py:450: ConvergenceWarning: The optimal value found for dimension 5 of parameter k1__length_scale is close to the specified upper bound 1000.0. Increasing the bound and calling fit again may find a better value.
  warnings.warn(
/home/dev/hyph-bench/.venv/lib/python3.13/site-packages/sklearn/gaussian_process/kernels.py:450: ConvergenceWarning: The optimal value found for dimension 6 of parameter k1__length_scale is close to the specified upper bound 1000.0. Increasing the bound and calling fit again may find a better value.
  warnings.warn(
/home/dev/hyph-bench/.venv/lib/python3.13/site-packages/sklearn/gaussian_process/kernels.py:440: ConvergenceWarning: The optimal value found for dimension 0 of parameter k2__noise_level is close to the specified lower bound 0.0001. Decreasing the bound and calling fit again may find a better value.
  warnings.warn(
/home/dev/hyph-bench/.venv/lib/python3.13/site-packages/sklearn/gaussian_process/kernels.py:450: ConvergenceWarning: The optimal value found for dimension 2 of parameter k1__length_scale is close to the specified upper bound 1000.0. Increasing the bound and calling fit again may find a better value.
  warnings.warn(
/home/dev/hyph-bench/.venv/lib/python3.13/site-packages/sklearn/gaussian_process/kernels.py:450: ConvergenceWarning: The optimal value found for dimension 3 of parameter k1__length_scale is close to the specified upper bound 1000.0. Increasing the bound and calling fit again may find a better value.
  warnings.warn(
/home/dev/hyph-bench/.venv/lib/python3.13/site-packages/sklearn/gaussian_process/kernels.py:450: ConvergenceWarning: The optimal value found for dimension 5 of parameter k1__length_scale is close to the specified upper bound 1000.0. Increasing the bound and calling fit again may find a better value.
  warnings.warn(
/home/dev/hyph-bench/.venv/lib/python3.13/site-packages/sklearn/gaussian_process/kernels.py:450: ConvergenceWarning: The optimal value found for dimension 6 of parameter k1__length_scale is close to the specified upper bound 1000.0. Increasing the bound and calling fit again may find a better value.
  warnings.warn(
/home/dev/hyph-bench/.venv/lib/python3.13/site-packages/sklearn/gaussian_process/kernels.py:450: ConvergenceWarning: The optimal value found for dimension 2 of parameter k1__length_scale is close to the specified upper bound 1000.0. Increasing the bound and calling fit again may find a better value.
  warnings.warn(
/home/dev/hyph-bench/.venv/lib/python3.13/site-packages/sklearn/gaussian_process/kernels.py:450: ConvergenceWarning: The optimal value found for dimension 5 of parameter k1__length_scale is close to the specified upper bound 1000.0. Increasing the bound and calling fit again may find a better value.
  warnings.warn(
/home/dev/hyph-bench/.venv/lib/python3.13/site-packages/sklearn/gaussian_process/kernels.py:450: ConvergenceWarning: The optimal value found for dimension 6 of parameter k1__length_scale is close to the specified upper bound 1000.0. Increasing the bound and calling fit again may find a better value.
  warnings.warn(
  Tested: params=(10, 5, 15, 7, 3, 2, 5, 3)
  validation: F_1/7=0.965531, precision=0.965101, recall=0.987088, good=178506, bad=6455, missed=2335, trie_nodes=40567, patterns=32961, objective=0.965497
  Tested: params=(16, 30, 2, 28, 2, 5, 1, 1)
  validation: F_1/7=0.977989, precision=0.977736, recall=0.990544, good=179131, bad=4079, missed=1710, trie_nodes=50915, patterns=43863, objective=0.977947
  Tested: params=(3, 20, 30, 28, 4, 4, 5, 4)
  validation: F_1/7=0.883075, precision=0.881139, recall=0.989571, good=178955, bad=24140, missed=1886, trie_nodes=33170, patterns=24707, objective=0.883047
  Tested: params=(24, 30, 23, 4, 1, 1, 1, 5)
  validation: F_1/7=0.975843, precision=0.975600, recall=0.987873, good=178648, bad=4468, missed=2193, trie_nodes=49485, patterns=39576, objective=0.975802
  Tested: params=(24, 1, 27, 24, 4, 2, 2, 2)
  validation: F_1/7=0.978549, precision=0.978364, recall=0.987707, good=178618, bad=3950, missed=2223, trie_nodes=56732, patterns=46358, objective=0.978502
  Best so far: params=(26, 25, 6, 1, 5, 2, 5, 2), score=0.981594, elapsed=718.2s

============================================================
Round 8/30
/home/dev/hyph-bench/.venv/lib/python3.13/site-packages/sklearn/gaussian_process/kernels.py:450: ConvergenceWarning: The optimal value found for dimension 2 of parameter k1__length_scale is close to the specified upper bound 1000.0. Increasing the bound and calling fit again may find a better value.
  warnings.warn(
/home/dev/hyph-bench/.venv/lib/python3.13/site-packages/sklearn/gaussian_process/kernels.py:450: ConvergenceWarning: The optimal value found for dimension 5 of parameter k1__length_scale is close to the specified upper bound 1000.0. Increasing the bound and calling fit again may find a better value.
  warnings.warn(
/home/dev/hyph-bench/.venv/lib/python3.13/site-packages/sklearn/gaussian_process/kernels.py:450: ConvergenceWarning: The optimal value found for dimension 6 of parameter k1__length_scale is close to the specified upper bound 1000.0. Increasing the bound and calling fit again may find a better value.
  warnings.warn(
/home/dev/hyph-bench/.venv/lib/python3.13/site-packages/sklearn/gaussian_process/kernels.py:440: ConvergenceWarning: The optimal value found for dimension 0 of parameter k1__length_scale is close to the specified lower bound 0.001. Decreasing the bound and calling fit again may find a better value.
  warnings.warn(
/home/dev/hyph-bench/.venv/lib/python3.13/site-packages/sklearn/gaussian_process/kernels.py:450: ConvergenceWarning: The optimal value found for dimension 1 of parameter k1__length_scale is close to the specified upper bound 1000.0. Increasing the bound and calling fit again may find a better value.
  warnings.warn(
/home/dev/hyph-bench/.venv/lib/python3.13/site-packages/sklearn/gaussian_process/kernels.py:450: ConvergenceWarning: The optimal value found for dimension 2 of parameter k1__length_scale is close to the specified upper bound 1000.0. Increasing the bound and calling fit again may find a better value.
  warnings.warn(
/home/dev/hyph-bench/.venv/lib/python3.13/site-packages/sklearn/gaussian_process/kernels.py:450: ConvergenceWarning: The optimal value found for dimension 5 of parameter k1__length_scale is close to the specified upper bound 1000.0. Increasing the bound and calling fit again may find a better value.
  warnings.warn(
/home/dev/hyph-bench/.venv/lib/python3.13/site-packages/sklearn/gaussian_process/kernels.py:450: ConvergenceWarning: The optimal value found for dimension 6 of parameter k1__length_scale is close to the specified upper bound 1000.0. Increasing the bound and calling fit again may find a better value.
  warnings.warn(
/home/dev/hyph-bench/.venv/lib/python3.13/site-packages/sklearn/gaussian_process/kernels.py:450: ConvergenceWarning: The optimal value found for dimension 7 of parameter k1__length_scale is close to the specified upper bound 1000.0. Increasing the bound and calling fit again may find a better value.
  warnings.warn(
/home/dev/hyph-bench/.venv/lib/python3.13/site-packages/sklearn/gaussian_process/kernels.py:440: ConvergenceWarning: The optimal value found for dimension 0 of parameter k2__noise_level is close to the specified lower bound 0.0001. Decreasing the bound and calling fit again may find a better value.
  warnings.warn(
/home/dev/hyph-bench/.venv/lib/python3.13/site-packages/sklearn/gaussian_process/kernels.py:450: ConvergenceWarning: The optimal value found for dimension 2 of parameter k1__length_scale is close to the specified upper bound 1000.0. Increasing the bound and calling fit again may find a better value.
  warnings.warn(
/home/dev/hyph-bench/.venv/lib/python3.13/site-packages/sklearn/gaussian_process/kernels.py:450: ConvergenceWarning: The optimal value found for dimension 5 of parameter k1__length_scale is close to the specified upper bound 1000.0. Increasing the bound and calling fit again may find a better value.
  warnings.warn(
/home/dev/hyph-bench/.venv/lib/python3.13/site-packages/sklearn/gaussian_process/kernels.py:450: ConvergenceWarning: The optimal value found for dimension 6 of parameter k1__length_scale is close to the specified upper bound 1000.0. Increasing the bound and calling fit again may find a better value.
  warnings.warn(
/home/dev/hyph-bench/.venv/lib/python3.13/site-packages/sklearn/gaussian_process/kernels.py:450: ConvergenceWarning: The optimal value found for dimension 7 of parameter k1__length_scale is close to the specified upper bound 1000.0. Increasing the bound and calling fit again may find a better value.
  warnings.warn(
/home/dev/hyph-bench/.venv/lib/python3.13/site-packages/sklearn/gaussian_process/kernels.py:440: ConvergenceWarning: The optimal value found for dimension 0 of parameter k2__noise_level is close to the specified lower bound 0.0001. Decreasing the bound and calling fit again may find a better value.
  warnings.warn(
/home/dev/hyph-bench/.venv/lib/python3.13/site-packages/sklearn/gaussian_process/kernels.py:450: ConvergenceWarning: The optimal value found for dimension 4 of parameter k1__length_scale is close to the specified upper bound 1000.0. Increasing the bound and calling fit again may find a better value.
  warnings.warn(
/home/dev/hyph-bench/.venv/lib/python3.13/site-packages/sklearn/gaussian_process/kernels.py:450: ConvergenceWarning: The optimal value found for dimension 5 of parameter k1__length_scale is close to the specified upper bound 1000.0. Increasing the bound and calling fit again may find a better value.
  warnings.warn(
/home/dev/hyph-bench/.venv/lib/python3.13/site-packages/sklearn/gaussian_process/kernels.py:450: ConvergenceWarning: The optimal value found for dimension 6 of parameter k1__length_scale is close to the specified upper bound 1000.0. Increasing the bound and calling fit again may find a better value.
  warnings.warn(
/home/dev/hyph-bench/.venv/lib/python3.13/site-packages/sklearn/gaussian_process/kernels.py:440: ConvergenceWarning: The optimal value found for dimension 0 of parameter k1__length_scale is close to the specified lower bound 0.001. Decreasing the bound and calling fit again may find a better value.
  warnings.warn(
/home/dev/hyph-bench/.venv/lib/python3.13/site-packages/sklearn/gaussian_process/kernels.py:450: ConvergenceWarning: The optimal value found for dimension 1 of parameter k1__length_scale is close to the specified upper bound 1000.0. Increasing the bound and calling fit again may find a better value.
  warnings.warn(
/home/dev/hyph-bench/.venv/lib/python3.13/site-packages/sklearn/gaussian_process/kernels.py:450: ConvergenceWarning: The optimal value found for dimension 2 of parameter k1__length_scale is close to the specified upper bound 1000.0. Increasing the bound and calling fit again may find a better value.
  warnings.warn(
/home/dev/hyph-bench/.venv/lib/python3.13/site-packages/sklearn/gaussian_process/kernels.py:450: ConvergenceWarning: The optimal value found for dimension 5 of parameter k1__length_scale is close to the specified upper bound 1000.0. Increasing the bound and calling fit again may find a better value.
  warnings.warn(
/home/dev/hyph-bench/.venv/lib/python3.13/site-packages/sklearn/gaussian_process/kernels.py:450: ConvergenceWarning: The optimal value found for dimension 6 of parameter k1__length_scale is close to the specified upper bound 1000.0. Increasing the bound and calling fit again may find a better value.
  warnings.warn(
/home/dev/hyph-bench/.venv/lib/python3.13/site-packages/sklearn/gaussian_process/kernels.py:450: ConvergenceWarning: The optimal value found for dimension 7 of parameter k1__length_scale is close to the specified upper bound 1000.0. Increasing the bound and calling fit again may find a better value.
  warnings.warn(
/home/dev/hyph-bench/.venv/lib/python3.13/site-packages/sklearn/gaussian_process/kernels.py:440: ConvergenceWarning: The optimal value found for dimension 0 of parameter k2__noise_level is close to the specified lower bound 0.0001. Decreasing the bound and calling fit again may find a better value.
  warnings.warn(
  Tested: params=(22, 30, 5, 11, 5, 1, 3, 1)
  validation: F_1/7=0.978800, precision=0.978592, recall=0.989090, good=178868, bad=3913, missed=1973, trie_nodes=47230, patterns=40451, objective=0.978761
  Tested: params=(21, 3, 30, 28, 1, 5, 4, 3)
  validation: F_1/7=0.980228, precision=0.980107, recall=0.986225, good=178350, bad=3620, missed=2491, trie_nodes=43026, patterns=32704, objective=0.980193
  Tested: params=(29, 1, 6, 2, 4, 5, 5, 5)
  validation: F_1/7=0.977943, precision=0.977839, recall=0.983057, good=177777, bad=4029, missed=3064, trie_nodes=32713, patterns=27472, objective=0.977916
  Tested: params=(17, 20, 23, 1, 1, 5, 1, 4)
  validation: F_1/7=0.977161, precision=0.977139, recall=0.978263, good=176910, bad=4139, missed=3931, trie_nodes=44037, patterns=33431, objective=0.977125
  Tested: params=(15, 27, 20, 30, 5, 5, 5, 1)
  validation: F_1/7=0.976682, precision=0.976470, recall=0.987199, good=178526, bad=4302, missed=2315, trie_nodes=42358, patterns=31684, objective=0.976647
  Best so far: params=(26, 25, 6, 1, 5, 2, 5, 2), score=0.981594, elapsed=822.6s

============================================================
Round 9/30
/home/dev/hyph-bench/.venv/lib/python3.13/site-packages/sklearn/gaussian_process/kernels.py:440: ConvergenceWarning: The optimal value found for dimension 0 of parameter k1__length_scale is close to the specified lower bound 0.001. Decreasing the bound and calling fit again may find a better value.
  warnings.warn(
/home/dev/hyph-bench/.venv/lib/python3.13/site-packages/sklearn/gaussian_process/kernels.py:450: ConvergenceWarning: The optimal value found for dimension 1 of parameter k1__length_scale is close to the specified upper bound 1000.0. Increasing the bound and calling fit again may find a better value.
  warnings.warn(
/home/dev/hyph-bench/.venv/lib/python3.13/site-packages/sklearn/gaussian_process/kernels.py:450: ConvergenceWarning: The optimal value found for dimension 2 of parameter k1__length_scale is close to the specified upper bound 1000.0. Increasing the bound and calling fit again may find a better value.
  warnings.warn(
/home/dev/hyph-bench/.venv/lib/python3.13/site-packages/sklearn/gaussian_process/kernels.py:450: ConvergenceWarning: The optimal value found for dimension 5 of parameter k1__length_scale is close to the specified upper bound 1000.0. Increasing the bound and calling fit again may find a better value.
  warnings.warn(
/home/dev/hyph-bench/.venv/lib/python3.13/site-packages/sklearn/gaussian_process/kernels.py:450: ConvergenceWarning: The optimal value found for dimension 6 of parameter k1__length_scale is close to the specified upper bound 1000.0. Increasing the bound and calling fit again may find a better value.
  warnings.warn(
/home/dev/hyph-bench/.venv/lib/python3.13/site-packages/sklearn/gaussian_process/kernels.py:450: ConvergenceWarning: The optimal value found for dimension 7 of parameter k1__length_scale is close to the specified upper bound 1000.0. Increasing the bound and calling fit again may find a better value.
  warnings.warn(
/home/dev/hyph-bench/.venv/lib/python3.13/site-packages/sklearn/gaussian_process/kernels.py:440: ConvergenceWarning: The optimal value found for dimension 0 of parameter k2__noise_level is close to the specified lower bound 0.0001. Decreasing the bound and calling fit again may find a better value.
  warnings.warn(
/home/dev/hyph-bench/.venv/lib/python3.13/site-packages/sklearn/gaussian_process/kernels.py:450: ConvergenceWarning: The optimal value found for dimension 1 of parameter k1__length_scale is close to the specified upper bound 1000.0. Increasing the bound and calling fit again may find a better value.
  warnings.warn(
/home/dev/hyph-bench/.venv/lib/python3.13/site-packages/sklearn/gaussian_process/kernels.py:450: ConvergenceWarning: The optimal value found for dimension 2 of parameter k1__length_scale is close to the specified upper bound 1000.0. Increasing the bound and calling fit again may find a better value.
  warnings.warn(
/home/dev/hyph-bench/.venv/lib/python3.13/site-packages/sklearn/gaussian_process/kernels.py:450: ConvergenceWarning: The optimal value found for dimension 5 of parameter k1__length_scale is close to the specified upper bound 1000.0. Increasing the bound and calling fit again may find a better value.
  warnings.warn(
/home/dev/hyph-bench/.venv/lib/python3.13/site-packages/sklearn/gaussian_process/kernels.py:450: ConvergenceWarning: The optimal value found for dimension 6 of parameter k1__length_scale is close to the specified upper bound 1000.0. Increasing the bound and calling fit again may find a better value.
  warnings.warn(
/home/dev/hyph-bench/.venv/lib/python3.13/site-packages/sklearn/gaussian_process/kernels.py:440: ConvergenceWarning: The optimal value found for dimension 0 of parameter k1__length_scale is close to the specified lower bound 0.001. Decreasing the bound and calling fit again may find a better value.
  warnings.warn(
/home/dev/hyph-bench/.venv/lib/python3.13/site-packages/sklearn/gaussian_process/kernels.py:450: ConvergenceWarning: The optimal value found for dimension 1 of parameter k1__length_scale is close to the specified upper bound 1000.0. Increasing the bound and calling fit again may find a better value.
  warnings.warn(
/home/dev/hyph-bench/.venv/lib/python3.13/site-packages/sklearn/gaussian_process/kernels.py:450: ConvergenceWarning: The optimal value found for dimension 2 of parameter k1__length_scale is close to the specified upper bound 1000.0. Increasing the bound and calling fit again may find a better value.
  warnings.warn(
/home/dev/hyph-bench/.venv/lib/python3.13/site-packages/sklearn/gaussian_process/kernels.py:450: ConvergenceWarning: The optimal value found for dimension 5 of parameter k1__length_scale is close to the specified upper bound 1000.0. Increasing the bound and calling fit again may find a better value.
  warnings.warn(
/home/dev/hyph-bench/.venv/lib/python3.13/site-packages/sklearn/gaussian_process/kernels.py:450: ConvergenceWarning: The optimal value found for dimension 6 of parameter k1__length_scale is close to the specified upper bound 1000.0. Increasing the bound and calling fit again may find a better value.
  warnings.warn(
/home/dev/hyph-bench/.venv/lib/python3.13/site-packages/sklearn/gaussian_process/kernels.py:450: ConvergenceWarning: The optimal value found for dimension 7 of parameter k1__length_scale is close to the specified upper bound 1000.0. Increasing the bound and calling fit again may find a better value.
  warnings.warn(
/home/dev/hyph-bench/.venv/lib/python3.13/site-packages/sklearn/gaussian_process/kernels.py:440: ConvergenceWarning: The optimal value found for dimension 0 of parameter k2__noise_level is close to the specified lower bound 0.0001. Decreasing the bound and calling fit again may find a better value.
  warnings.warn(
/home/dev/hyph-bench/.venv/lib/python3.13/site-packages/sklearn/gaussian_process/kernels.py:440: ConvergenceWarning: The optimal value found for dimension 0 of parameter k1__length_scale is close to the specified lower bound 0.001. Decreasing the bound and calling fit again may find a better value.
  warnings.warn(
/home/dev/hyph-bench/.venv/lib/python3.13/site-packages/sklearn/gaussian_process/kernels.py:450: ConvergenceWarning: The optimal value found for dimension 1 of parameter k1__length_scale is close to the specified upper bound 1000.0. Increasing the bound and calling fit again may find a better value.
  warnings.warn(
/home/dev/hyph-bench/.venv/lib/python3.13/site-packages/sklearn/gaussian_process/kernels.py:450: ConvergenceWarning: The optimal value found for dimension 2 of parameter k1__length_scale is close to the specified upper bound 1000.0. Increasing the bound and calling fit again may find a better value.
  warnings.warn(
/home/dev/hyph-bench/.venv/lib/python3.13/site-packages/sklearn/gaussian_process/kernels.py:450: ConvergenceWarning: The optimal value found for dimension 5 of parameter k1__length_scale is close to the specified upper bound 1000.0. Increasing the bound and calling fit again may find a better value.
  warnings.warn(
/home/dev/hyph-bench/.venv/lib/python3.13/site-packages/sklearn/gaussian_process/kernels.py:450: ConvergenceWarning: The optimal value found for dimension 6 of parameter k1__length_scale is close to the specified upper bound 1000.0. Increasing the bound and calling fit again may find a better value.
  warnings.warn(
/home/dev/hyph-bench/.venv/lib/python3.13/site-packages/sklearn/gaussian_process/kernels.py:450: ConvergenceWarning: The optimal value found for dimension 7 of parameter k1__length_scale is close to the specified upper bound 1000.0. Increasing the bound and calling fit again may find a better value.
  warnings.warn(
/home/dev/hyph-bench/.venv/lib/python3.13/site-packages/sklearn/gaussian_process/kernels.py:440: ConvergenceWarning: The optimal value found for dimension 0 of parameter k2__noise_level is close to the specified lower bound 0.0001. Decreasing the bound and calling fit again may find a better value.
  warnings.warn(
/home/dev/hyph-bench/.venv/lib/python3.13/site-packages/sklearn/gaussian_process/kernels.py:440: ConvergenceWarning: The optimal value found for dimension 0 of parameter k1__length_scale is close to the specified lower bound 0.001. Decreasing the bound and calling fit again may find a better value.
  warnings.warn(
/home/dev/hyph-bench/.venv/lib/python3.13/site-packages/sklearn/gaussian_process/kernels.py:450: ConvergenceWarning: The optimal value found for dimension 2 of parameter k1__length_scale is close to the specified upper bound 1000.0. Increasing the bound and calling fit again may find a better value.
  warnings.warn(
/home/dev/hyph-bench/.venv/lib/python3.13/site-packages/sklearn/gaussian_process/kernels.py:450: ConvergenceWarning: The optimal value found for dimension 5 of parameter k1__length_scale is close to the specified upper bound 1000.0. Increasing the bound and calling fit again may find a better value.
  warnings.warn(
/home/dev/hyph-bench/.venv/lib/python3.13/site-packages/sklearn/gaussian_process/kernels.py:450: ConvergenceWarning: The optimal value found for dimension 6 of parameter k1__length_scale is close to the specified upper bound 1000.0. Increasing the bound and calling fit again may find a better value.
  warnings.warn(
/home/dev/hyph-bench/.venv/lib/python3.13/site-packages/sklearn/gaussian_process/kernels.py:450: ConvergenceWarning: The optimal value found for dimension 7 of parameter k1__length_scale is close to the specified upper bound 1000.0. Increasing the bound and calling fit again may find a better value.
  warnings.warn(
/home/dev/hyph-bench/.venv/lib/python3.13/site-packages/sklearn/gaussian_process/kernels.py:440: ConvergenceWarning: The optimal value found for dimension 0 of parameter k2__noise_level is close to the specified lower bound 0.0001. Decreasing the bound and calling fit again may find a better value.
  warnings.warn(
  Tested: params=(6, 3, 25, 20, 2, 3, 1, 4)
  validation: F_1/7=0.942668, precision=0.941766, recall=0.989073, good=178865, bad=11060, missed=1976, trie_nodes=46942, patterns=39975, objective=0.942629
  Tested: params=(21, 30, 1, 3, 1, 1, 5, 2)
  validation: F_1/7=0.979676, precision=0.980130, recall=0.957946, good=173236, bad=3512, missed=7605, trie_nodes=38702, patterns=35407, objective=0.979644
  Tested: params=(23, 30, 30, 26, 4, 3, 4, 4)
  validation: F_1/7=0.977723, precision=0.977538, recall=0.986906, good=178473, bad=4101, missed=2368, trie_nodes=40414, patterns=30445, objective=0.977690
  Tested: params=(25, 1, 1, 25, 1, 5, 5, 5)
  validation: F_1/7=0.970583, precision=0.970203, recall=0.989565, good=178954, bad=5496, missed=1887, trie_nodes=40308, patterns=36844, objective=0.970550
  Tested: params=(28, 7, 29, 3, 5, 1, 4, 2)
  validation: F_1/7=0.979846, precision=0.979748, recall=0.984710, good=178076, bad=3681, missed=2765, trie_nodes=42322, patterns=31277, objective=0.979811
  Best so far: params=(26, 25, 6, 1, 5, 2, 5, 2), score=0.981594, elapsed=924.9s

============================================================
Round 10/30
/home/dev/hyph-bench/.venv/lib/python3.13/site-packages/sklearn/gaussian_process/kernels.py:440: ConvergenceWarning: The optimal value found for dimension 0 of parameter k1__length_scale is close to the specified lower bound 0.001. Decreasing the bound and calling fit again may find a better value.
  warnings.warn(
/home/dev/hyph-bench/.venv/lib/python3.13/site-packages/sklearn/gaussian_process/kernels.py:450: ConvergenceWarning: The optimal value found for dimension 2 of parameter k1__length_scale is close to the specified upper bound 1000.0. Increasing the bound and calling fit again may find a better value.
  warnings.warn(
/home/dev/hyph-bench/.venv/lib/python3.13/site-packages/sklearn/gaussian_process/kernels.py:450: ConvergenceWarning: The optimal value found for dimension 5 of parameter k1__length_scale is close to the specified upper bound 1000.0. Increasing the bound and calling fit again may find a better value.
  warnings.warn(
/home/dev/hyph-bench/.venv/lib/python3.13/site-packages/sklearn/gaussian_process/kernels.py:450: ConvergenceWarning: The optimal value found for dimension 6 of parameter k1__length_scale is close to the specified upper bound 1000.0. Increasing the bound and calling fit again may find a better value.
  warnings.warn(
/home/dev/hyph-bench/.venv/lib/python3.13/site-packages/sklearn/gaussian_process/kernels.py:450: ConvergenceWarning: The optimal value found for dimension 7 of parameter k1__length_scale is close to the specified upper bound 1000.0. Increasing the bound and calling fit again may find a better value.
  warnings.warn(
/home/dev/hyph-bench/.venv/lib/python3.13/site-packages/sklearn/gaussian_process/kernels.py:440: ConvergenceWarning: The optimal value found for dimension 0 of parameter k2__noise_level is close to the specified lower bound 0.0001. Decreasing the bound and calling fit again may find a better value.
  warnings.warn(
/home/dev/hyph-bench/.venv/lib/python3.13/site-packages/sklearn/gaussian_process/kernels.py:440: ConvergenceWarning: The optimal value found for dimension 0 of parameter k1__length_scale is close to the specified lower bound 0.001. Decreasing the bound and calling fit again may find a better value.
  warnings.warn(
/home/dev/hyph-bench/.venv/lib/python3.13/site-packages/sklearn/gaussian_process/kernels.py:450: ConvergenceWarning: The optimal value found for dimension 2 of parameter k1__length_scale is close to the specified upper bound 1000.0. Increasing the bound and calling fit again may find a better value.
  warnings.warn(
/home/dev/hyph-bench/.venv/lib/python3.13/site-packages/sklearn/gaussian_process/kernels.py:450: ConvergenceWarning: The optimal value found for dimension 5 of parameter k1__length_scale is close to the specified upper bound 1000.0. Increasing the bound and calling fit again may find a better value.
  warnings.warn(
/home/dev/hyph-bench/.venv/lib/python3.13/site-packages/sklearn/gaussian_process/kernels.py:450: ConvergenceWarning: The optimal value found for dimension 6 of parameter k1__length_scale is close to the specified upper bound 1000.0. Increasing the bound and calling fit again may find a better value.
  warnings.warn(
/home/dev/hyph-bench/.venv/lib/python3.13/site-packages/sklearn/gaussian_process/kernels.py:450: ConvergenceWarning: The optimal value found for dimension 7 of parameter k1__length_scale is close to the specified upper bound 1000.0. Increasing the bound and calling fit again may find a better value.
  warnings.warn(
/home/dev/hyph-bench/.venv/lib/python3.13/site-packages/sklearn/gaussian_process/kernels.py:440: ConvergenceWarning: The optimal value found for dimension 0 of parameter k2__noise_level is close to the specified lower bound 0.0001. Decreasing the bound and calling fit again may find a better value.
  warnings.warn(
/home/dev/hyph-bench/.venv/lib/python3.13/site-packages/sklearn/gaussian_process/kernels.py:450: ConvergenceWarning: The optimal value found for dimension 2 of parameter k1__length_scale is close to the specified upper bound 1000.0. Increasing the bound and calling fit again may find a better value.
  warnings.warn(
/home/dev/hyph-bench/.venv/lib/python3.13/site-packages/sklearn/gaussian_process/kernels.py:450: ConvergenceWarning: The optimal value found for dimension 3 of parameter k1__length_scale is close to the specified upper bound 1000.0. Increasing the bound and calling fit again may find a better value.
  warnings.warn(
/home/dev/hyph-bench/.venv/lib/python3.13/site-packages/sklearn/gaussian_process/kernels.py:450: ConvergenceWarning: The optimal value found for dimension 5 of parameter k1__length_scale is close to the specified upper bound 1000.0. Increasing the bound and calling fit again may find a better value.
  warnings.warn(
/home/dev/hyph-bench/.venv/lib/python3.13/site-packages/sklearn/gaussian_process/kernels.py:450: ConvergenceWarning: The optimal value found for dimension 6 of parameter k1__length_scale is close to the specified upper bound 1000.0. Increasing the bound and calling fit again may find a better value.
  warnings.warn(
/home/dev/hyph-bench/.venv/lib/python3.13/site-packages/sklearn/gaussian_process/kernels.py:440: ConvergenceWarning: The optimal value found for dimension 0 of parameter k2__noise_level is close to the specified lower bound 0.0001. Decreasing the bound and calling fit again may find a better value.
  warnings.warn(
/home/dev/hyph-bench/.venv/lib/python3.13/site-packages/sklearn/gaussian_process/kernels.py:450: ConvergenceWarning: The optimal value found for dimension 2 of parameter k1__length_scale is close to the specified upper bound 1000.0. Increasing the bound and calling fit again may find a better value.
  warnings.warn(
/home/dev/hyph-bench/.venv/lib/python3.13/site-packages/sklearn/gaussian_process/kernels.py:450: ConvergenceWarning: The optimal value found for dimension 5 of parameter k1__length_scale is close to the specified upper bound 1000.0. Increasing the bound and calling fit again may find a better value.
  warnings.warn(
/home/dev/hyph-bench/.venv/lib/python3.13/site-packages/sklearn/gaussian_process/kernels.py:450: ConvergenceWarning: The optimal value found for dimension 6 of parameter k1__length_scale is close to the specified upper bound 1000.0. Increasing the bound and calling fit again may find a better value.
  warnings.warn(
/home/dev/hyph-bench/.venv/lib/python3.13/site-packages/sklearn/gaussian_process/kernels.py:450: ConvergenceWarning: The optimal value found for dimension 7 of parameter k1__length_scale is close to the specified upper bound 1000.0. Increasing the bound and calling fit again may find a better value.
  warnings.warn(
/home/dev/hyph-bench/.venv/lib/python3.13/site-packages/sklearn/gaussian_process/kernels.py:440: ConvergenceWarning: The optimal value found for dimension 0 of parameter k2__noise_level is close to the specified lower bound 0.0001. Decreasing the bound and calling fit again may find a better value.
  warnings.warn(
/home/dev/hyph-bench/.venv/lib/python3.13/site-packages/sklearn/gaussian_process/kernels.py:450: ConvergenceWarning: The optimal value found for dimension 1 of parameter k1__length_scale is close to the specified upper bound 1000.0. Increasing the bound and calling fit again may find a better value.
  warnings.warn(
/home/dev/hyph-bench/.venv/lib/python3.13/site-packages/sklearn/gaussian_process/kernels.py:450: ConvergenceWarning: The optimal value found for dimension 3 of parameter k1__length_scale is close to the specified upper bound 1000.0. Increasing the bound and calling fit again may find a better value.
  warnings.warn(
/home/dev/hyph-bench/.venv/lib/python3.13/site-packages/sklearn/gaussian_process/kernels.py:450: ConvergenceWarning: The optimal value found for dimension 5 of parameter k1__length_scale is close to the specified upper bound 1000.0. Increasing the bound and calling fit again may find a better value.
  warnings.warn(
/home/dev/hyph-bench/.venv/lib/python3.13/site-packages/sklearn/gaussian_process/kernels.py:450: ConvergenceWarning: The optimal value found for dimension 6 of parameter k1__length_scale is close to the specified upper bound 1000.0. Increasing the bound and calling fit again may find a better value.
  warnings.warn(
/home/dev/hyph-bench/.venv/lib/python3.13/site-packages/sklearn/gaussian_process/kernels.py:440: ConvergenceWarning: The optimal value found for dimension 0 of parameter k2__noise_level is close to the specified lower bound 0.0001. Decreasing the bound and calling fit again may find a better value.
  warnings.warn(
  Tested: params=(5, 26, 2, 2, 2, 4, 2, 2)
  validation: F_1/7=0.937279, precision=0.936493, recall=0.977455, good=176764, bad=11987, missed=4077, trie_nodes=39152, patterns=34386, objective=0.937246
  Tested: params=(28, 2, 27, 27, 5, 2, 5, 5)
  validation: F_1/7=0.979064, precision=0.978934, recall=0.985457, good=178211, bad=3835, missed=2630, trie_nodes=40481, patterns=30569, objective=0.979030
  Tested: params=(30, 30, 5, 30, 3, 3, 4, 1)
  validation: F_1/7=0.976942, precision=0.976698, recall=0.989012, good=178854, bad=4267, missed=1987, trie_nodes=46728, patterns=38760, objective=0.976903
  Tested: params=(13, 14, 30, 10, 1, 5, 3, 2)
  validation: F_1/7=0.974399, precision=0.974116, recall=0.988493, good=178760, bad=4750, missed=2081, trie_nodes=48047, patterns=38879, objective=0.974360
  Tested: params=(5, 5, 4, 30, 1, 1, 2, 1)
  validation: F_1/7=0.936704, precision=0.935669, recall=0.990389, good=179103, bad=12314, missed=1738, trie_nodes=45674, patterns=43424, objective=0.936667
  Best so far: params=(26, 25, 6, 1, 5, 2, 5, 2), score=0.981594, elapsed=1032.7s

============================================================
Round 11/30
/home/dev/hyph-bench/.venv/lib/python3.13/site-packages/sklearn/gaussian_process/kernels.py:450: ConvergenceWarning: The optimal value found for dimension 1 of parameter k1__length_scale is close to the specified upper bound 1000.0. Increasing the bound and calling fit again may find a better value.
  warnings.warn(
/home/dev/hyph-bench/.venv/lib/python3.13/site-packages/sklearn/gaussian_process/kernels.py:450: ConvergenceWarning: The optimal value found for dimension 7 of parameter k1__length_scale is close to the specified upper bound 1000.0. Increasing the bound and calling fit again may find a better value.
  warnings.warn(
/home/dev/hyph-bench/.venv/lib/python3.13/site-packages/sklearn/gaussian_process/kernels.py:440: ConvergenceWarning: The optimal value found for dimension 0 of parameter k2__noise_level is close to the specified lower bound 0.0001. Decreasing the bound and calling fit again may find a better value.
  warnings.warn(
/home/dev/hyph-bench/.venv/lib/python3.13/site-packages/sklearn/gaussian_process/kernels.py:450: ConvergenceWarning: The optimal value found for dimension 3 of parameter k1__length_scale is close to the specified upper bound 1000.0. Increasing the bound and calling fit again may find a better value.
  warnings.warn(
/home/dev/hyph-bench/.venv/lib/python3.13/site-packages/sklearn/gaussian_process/kernels.py:450: ConvergenceWarning: The optimal value found for dimension 4 of parameter k1__length_scale is close to the specified upper bound 1000.0. Increasing the bound and calling fit again may find a better value.
  warnings.warn(
/home/dev/hyph-bench/.venv/lib/python3.13/site-packages/sklearn/gaussian_process/kernels.py:450: ConvergenceWarning: The optimal value found for dimension 6 of parameter k1__length_scale is close to the specified upper bound 1000.0. Increasing the bound and calling fit again may find a better value.
  warnings.warn(
/home/dev/hyph-bench/.venv/lib/python3.13/site-packages/sklearn/gaussian_process/kernels.py:440: ConvergenceWarning: The optimal value found for dimension 0 of parameter k2__noise_level is close to the specified lower bound 0.0001. Decreasing the bound and calling fit again may find a better value.
  warnings.warn(
/home/dev/hyph-bench/.venv/lib/python3.13/site-packages/sklearn/gaussian_process/kernels.py:450: ConvergenceWarning: The optimal value found for dimension 3 of parameter k1__length_scale is close to the specified upper bound 1000.0. Increasing the bound and calling fit again may find a better value.
  warnings.warn(
/home/dev/hyph-bench/.venv/lib/python3.13/site-packages/sklearn/gaussian_process/kernels.py:450: ConvergenceWarning: The optimal value found for dimension 4 of parameter k1__length_scale is close to the specified upper bound 1000.0. Increasing the bound and calling fit again may find a better value.
  warnings.warn(
/home/dev/hyph-bench/.venv/lib/python3.13/site-packages/sklearn/gaussian_process/kernels.py:450: ConvergenceWarning: The optimal value found for dimension 6 of parameter k1__length_scale is close to the specified upper bound 1000.0. Increasing the bound and calling fit again may find a better value.
  warnings.warn(
/home/dev/hyph-bench/.venv/lib/python3.13/site-packages/sklearn/gaussian_process/kernels.py:440: ConvergenceWarning: The optimal value found for dimension 0 of parameter k2__noise_level is close to the specified lower bound 0.0001. Decreasing the bound and calling fit again may find a better value.
  warnings.warn(
/home/dev/hyph-bench/.venv/lib/python3.13/site-packages/sklearn/gaussian_process/kernels.py:450: ConvergenceWarning: The optimal value found for dimension 2 of parameter k1__length_scale is close to the specified upper bound 1000.0. Increasing the bound and calling fit again may find a better value.
  warnings.warn(
/home/dev/hyph-bench/.venv/lib/python3.13/site-packages/sklearn/gaussian_process/kernels.py:450: ConvergenceWarning: The optimal value found for dimension 3 of parameter k1__length_scale is close to the specified upper bound 1000.0. Increasing the bound and calling fit again may find a better value.
  warnings.warn(
/home/dev/hyph-bench/.venv/lib/python3.13/site-packages/sklearn/gaussian_process/kernels.py:450: ConvergenceWarning: The optimal value found for dimension 4 of parameter k1__length_scale is close to the specified upper bound 1000.0. Increasing the bound and calling fit again may find a better value.
  warnings.warn(
/home/dev/hyph-bench/.venv/lib/python3.13/site-packages/sklearn/gaussian_process/kernels.py:450: ConvergenceWarning: The optimal value found for dimension 6 of parameter k1__length_scale is close to the specified upper bound 1000.0. Increasing the bound and calling fit again may find a better value.
  warnings.warn(
/home/dev/hyph-bench/.venv/lib/python3.13/site-packages/sklearn/gaussian_process/kernels.py:440: ConvergenceWarning: The optimal value found for dimension 0 of parameter k2__noise_level is close to the specified lower bound 0.0001. Decreasing the bound and calling fit again may find a better value.
  warnings.warn(
/home/dev/hyph-bench/.venv/lib/python3.13/site-packages/sklearn/gaussian_process/kernels.py:450: ConvergenceWarning: The optimal value found for dimension 2 of parameter k1__length_scale is close to the specified upper bound 1000.0. Increasing the bound and calling fit again may find a better value.
  warnings.warn(
/home/dev/hyph-bench/.venv/lib/python3.13/site-packages/sklearn/gaussian_process/kernels.py:450: ConvergenceWarning: The optimal value found for dimension 3 of parameter k1__length_scale is close to the specified upper bound 1000.0. Increasing the bound and calling fit again may find a better value.
  warnings.warn(
/home/dev/hyph-bench/.venv/lib/python3.13/site-packages/sklearn/gaussian_process/kernels.py:450: ConvergenceWarning: The optimal value found for dimension 4 of parameter k1__length_scale is close to the specified upper bound 1000.0. Increasing the bound and calling fit again may find a better value.
  warnings.warn(
/home/dev/hyph-bench/.venv/lib/python3.13/site-packages/sklearn/gaussian_process/kernels.py:450: ConvergenceWarning: The optimal value found for dimension 6 of parameter k1__length_scale is close to the specified upper bound 1000.0. Increasing the bound and calling fit again may find a better value.
  warnings.warn(
/home/dev/hyph-bench/.venv/lib/python3.13/site-packages/sklearn/gaussian_process/kernels.py:440: ConvergenceWarning: The optimal value found for dimension 0 of parameter k2__noise_level is close to the specified lower bound 0.0001. Decreasing the bound and calling fit again may find a better value.
  warnings.warn(
  Tested: params=(24, 11, 1, 8, 5, 2, 3, 5)
  validation: F_1/7=0.975787, precision=0.975618, recall=0.984174, good=177979, bad=4448, missed=2862, trie_nodes=38813, patterns=35090, objective=0.975755
  Tested: params=(30, 29, 30, 30, 1, 5, 5, 4)
  validation: F_1/7=0.976328, precision=0.976098, recall=0.987746, good=178625, bad=4374, missed=2216, trie_nodes=40842, patterns=29975, objective=0.976295
  Tested: params=(14, 4, 30, 17, 3, 1, 4, 2)
  validation: F_1/7=0.976733, precision=0.976540, recall=0.986308, good=178365, bad=4285, missed=2476, trie_nodes=42401, patterns=33470, objective=0.976698
  Tested: params=(18, 28, 22, 1, 4, 5, 5, 2)
  validation: F_1/7=0.981068, precision=0.981192, recall=0.975044, good=176328, bad=3380, missed=4513, trie_nodes=36792, patterns=28483, objective=0.981038
  Tested: params=(13, 18, 6, 28, 1, 1, 5, 1)
  validation: F_1/7=0.975579, precision=0.975316, recall=0.988653, good=178789, bad=4525, missed=2052, trie_nodes=44556, patterns=36155, objective=0.975542
  Best so far: params=(26, 25, 6, 1, 5, 2, 5, 2), score=0.981594, elapsed=1137.5s

============================================================
Round 12/30
/home/dev/hyph-bench/.venv/lib/python3.13/site-packages/sklearn/gaussian_process/kernels.py:450: ConvergenceWarning: The optimal value found for dimension 2 of parameter k1__length_scale is close to the specified upper bound 1000.0. Increasing the bound and calling fit again may find a better value.
  warnings.warn(
/home/dev/hyph-bench/.venv/lib/python3.13/site-packages/sklearn/gaussian_process/kernels.py:450: ConvergenceWarning: The optimal value found for dimension 3 of parameter k1__length_scale is close to the specified upper bound 1000.0. Increasing the bound and calling fit again may find a better value.
  warnings.warn(
/home/dev/hyph-bench/.venv/lib/python3.13/site-packages/sklearn/gaussian_process/kernels.py:450: ConvergenceWarning: The optimal value found for dimension 4 of parameter k1__length_scale is close to the specified upper bound 1000.0. Increasing the bound and calling fit again may find a better value.
  warnings.warn(
/home/dev/hyph-bench/.venv/lib/python3.13/site-packages/sklearn/gaussian_process/kernels.py:450: ConvergenceWarning: The optimal value found for dimension 6 of parameter k1__length_scale is close to the specified upper bound 1000.0. Increasing the bound and calling fit again may find a better value.
  warnings.warn(
/home/dev/hyph-bench/.venv/lib/python3.13/site-packages/sklearn/gaussian_process/kernels.py:440: ConvergenceWarning: The optimal value found for dimension 0 of parameter k2__noise_level is close to the specified lower bound 0.0001. Decreasing the bound and calling fit again may find a better value.
  warnings.warn(
/home/dev/hyph-bench/.venv/lib/python3.13/site-packages/sklearn/gaussian_process/kernels.py:450: ConvergenceWarning: The optimal value found for dimension 2 of parameter k1__length_scale is close to the specified upper bound 1000.0. Increasing the bound and calling fit again may find a better value.
  warnings.warn(
/home/dev/hyph-bench/.venv/lib/python3.13/site-packages/sklearn/gaussian_process/kernels.py:450: ConvergenceWarning: The optimal value found for dimension 3 of parameter k1__length_scale is close to the specified upper bound 1000.0. Increasing the bound and calling fit again may find a better value.
  warnings.warn(
/home/dev/hyph-bench/.venv/lib/python3.13/site-packages/sklearn/gaussian_process/kernels.py:450: ConvergenceWarning: The optimal value found for dimension 4 of parameter k1__length_scale is close to the specified upper bound 1000.0. Increasing the bound and calling fit again may find a better value.
  warnings.warn(
/home/dev/hyph-bench/.venv/lib/python3.13/site-packages/sklearn/gaussian_process/kernels.py:450: ConvergenceWarning: The optimal value found for dimension 6 of parameter k1__length_scale is close to the specified upper bound 1000.0. Increasing the bound and calling fit again may find a better value.
  warnings.warn(
/home/dev/hyph-bench/.venv/lib/python3.13/site-packages/sklearn/gaussian_process/kernels.py:440: ConvergenceWarning: The optimal value found for dimension 0 of parameter k2__noise_level is close to the specified lower bound 0.0001. Decreasing the bound and calling fit again may find a better value.
  warnings.warn(
/home/dev/hyph-bench/.venv/lib/python3.13/site-packages/sklearn/gaussian_process/kernels.py:450: ConvergenceWarning: The optimal value found for dimension 2 of parameter k1__length_scale is close to the specified upper bound 1000.0. Increasing the bound and calling fit again may find a better value.
  warnings.warn(
/home/dev/hyph-bench/.venv/lib/python3.13/site-packages/sklearn/gaussian_process/kernels.py:450: ConvergenceWarning: The optimal value found for dimension 3 of parameter k1__length_scale is close to the specified upper bound 1000.0. Increasing the bound and calling fit again may find a better value.
  warnings.warn(
/home/dev/hyph-bench/.venv/lib/python3.13/site-packages/sklearn/gaussian_process/kernels.py:450: ConvergenceWarning: The optimal value found for dimension 4 of parameter k1__length_scale is close to the specified upper bound 1000.0. Increasing the bound and calling fit again may find a better value.
  warnings.warn(
/home/dev/hyph-bench/.venv/lib/python3.13/site-packages/sklearn/gaussian_process/kernels.py:450: ConvergenceWarning: The optimal value found for dimension 6 of parameter k1__length_scale is close to the specified upper bound 1000.0. Increasing the bound and calling fit again may find a better value.
  warnings.warn(
/home/dev/hyph-bench/.venv/lib/python3.13/site-packages/sklearn/gaussian_process/kernels.py:440: ConvergenceWarning: The optimal value found for dimension 0 of parameter k2__noise_level is close to the specified lower bound 0.0001. Decreasing the bound and calling fit again may find a better value.
  warnings.warn(
/home/dev/hyph-bench/.venv/lib/python3.13/site-packages/sklearn/gaussian_process/kernels.py:450: ConvergenceWarning: The optimal value found for dimension 1 of parameter k1__length_scale is close to the specified upper bound 1000.0. Increasing the bound and calling fit again may find a better value.
  warnings.warn(
/home/dev/hyph-bench/.venv/lib/python3.13/site-packages/sklearn/gaussian_process/kernels.py:440: ConvergenceWarning: The optimal value found for dimension 0 of parameter k2__noise_level is close to the specified lower bound 0.0001. Decreasing the bound and calling fit again may find a better value.
  warnings.warn(
/home/dev/hyph-bench/.venv/lib/python3.13/site-packages/sklearn/gaussian_process/kernels.py:450: ConvergenceWarning: The optimal value found for dimension 1 of parameter k1__length_scale is close to the specified upper bound 1000.0. Increasing the bound and calling fit again may find a better value.
  warnings.warn(
/home/dev/hyph-bench/.venv/lib/python3.13/site-packages/sklearn/gaussian_process/kernels.py:450: ConvergenceWarning: The optimal value found for dimension 4 of parameter k1__length_scale is close to the specified upper bound 1000.0. Increasing the bound and calling fit again may find a better value.
  warnings.warn(
/home/dev/hyph-bench/.venv/lib/python3.13/site-packages/sklearn/gaussian_process/kernels.py:440: ConvergenceWarning: The optimal value found for dimension 0 of parameter k2__noise_level is close to the specified lower bound 0.0001. Decreasing the bound and calling fit again may find a better value.
  warnings.warn(
  Tested: params=(20, 28, 30, 11, 5, 1, 2, 1)
  validation: F_1/7=0.978184, precision=0.977988, recall=0.987884, good=178650, bad=4021, missed=2191, trie_nodes=50944, patterns=41024, objective=0.978142
  Tested: params=(9, 4, 4, 27, 2, 3, 5, 3)
  validation: F_1/7=0.963562, precision=0.963052, recall=0.989195, good=178887, bad=6863, missed=1954, trie_nodes=41014, patterns=36024, objective=0.963528
  Tested: params=(27, 16, 3, 3, 5, 5, 3, 1)
  validation: F_1/7=0.979400, precision=0.979363, recall=0.981216, good=177444, bad=3739, missed=3397, trie_nodes=41840, patterns=37028, objective=0.979366
  Tested: params=(17, 2, 25, 4, 2, 5, 4, 3)
  validation: F_1/7=0.980005, precision=0.979885, recall=0.985921, good=178295, bad=3660, missed=2546, trie_nodes=41831, patterns=32567, objective=0.979971
  Tested: params=(25, 30, 9, 28, 2, 3, 3, 1)
  validation: F_1/7=0.976592, precision=0.976334, recall=0.989388, good=178922, bad=4337, missed=1919, trie_nodes=50920, patterns=42334, objective=0.976550
  Best so far: params=(26, 25, 6, 1, 5, 2, 5, 2), score=0.981594, elapsed=1242.9s

============================================================
Round 13/30
/home/dev/hyph-bench/.venv/lib/python3.13/site-packages/sklearn/gaussian_process/kernels.py:450: ConvergenceWarning: The optimal value found for dimension 2 of parameter k1__length_scale is close to the specified upper bound 1000.0. Increasing the bound and calling fit again may find a better value.
  warnings.warn(
/home/dev/hyph-bench/.venv/lib/python3.13/site-packages/sklearn/gaussian_process/kernels.py:450: ConvergenceWarning: The optimal value found for dimension 3 of parameter k1__length_scale is close to the specified upper bound 1000.0. Increasing the bound and calling fit again may find a better value.
  warnings.warn(
/home/dev/hyph-bench/.venv/lib/python3.13/site-packages/sklearn/gaussian_process/kernels.py:450: ConvergenceWarning: The optimal value found for dimension 4 of parameter k1__length_scale is close to the specified upper bound 1000.0. Increasing the bound and calling fit again may find a better value.
  warnings.warn(
/home/dev/hyph-bench/.venv/lib/python3.13/site-packages/sklearn/gaussian_process/kernels.py:450: ConvergenceWarning: The optimal value found for dimension 5 of parameter k1__length_scale is close to the specified upper bound 1000.0. Increasing the bound and calling fit again may find a better value.
  warnings.warn(
/home/dev/hyph-bench/.venv/lib/python3.13/site-packages/sklearn/gaussian_process/kernels.py:450: ConvergenceWarning: The optimal value found for dimension 6 of parameter k1__length_scale is close to the specified upper bound 1000.0. Increasing the bound and calling fit again may find a better value.
  warnings.warn(
/home/dev/hyph-bench/.venv/lib/python3.13/site-packages/sklearn/gaussian_process/kernels.py:440: ConvergenceWarning: The optimal value found for dimension 0 of parameter k2__noise_level is close to the specified lower bound 0.0001. Decreasing the bound and calling fit again may find a better value.
  warnings.warn(
/home/dev/hyph-bench/.venv/lib/python3.13/site-packages/sklearn/gaussian_process/kernels.py:450: ConvergenceWarning: The optimal value found for dimension 2 of parameter k1__length_scale is close to the specified upper bound 1000.0. Increasing the bound and calling fit again may find a better value.
  warnings.warn(
/home/dev/hyph-bench/.venv/lib/python3.13/site-packages/sklearn/gaussian_process/kernels.py:450: ConvergenceWarning: The optimal value found for dimension 3 of parameter k1__length_scale is close to the specified upper bound 1000.0. Increasing the bound and calling fit again may find a better value.
  warnings.warn(
/home/dev/hyph-bench/.venv/lib/python3.13/site-packages/sklearn/gaussian_process/kernels.py:450: ConvergenceWarning: The optimal value found for dimension 4 of parameter k1__length_scale is close to the specified upper bound 1000.0. Increasing the bound and calling fit again may find a better value.
  warnings.warn(
/home/dev/hyph-bench/.venv/lib/python3.13/site-packages/sklearn/gaussian_process/kernels.py:450: ConvergenceWarning: The optimal value found for dimension 5 of parameter k1__length_scale is close to the specified upper bound 1000.0. Increasing the bound and calling fit again may find a better value.
  warnings.warn(
/home/dev/hyph-bench/.venv/lib/python3.13/site-packages/sklearn/gaussian_process/kernels.py:450: ConvergenceWarning: The optimal value found for dimension 6 of parameter k1__length_scale is close to the specified upper bound 1000.0. Increasing the bound and calling fit again may find a better value.
  warnings.warn(
/home/dev/hyph-bench/.venv/lib/python3.13/site-packages/sklearn/gaussian_process/kernels.py:440: ConvergenceWarning: The optimal value found for dimension 0 of parameter k2__noise_level is close to the specified lower bound 0.0001. Decreasing the bound and calling fit again may find a better value.
  warnings.warn(
/home/dev/hyph-bench/.venv/lib/python3.13/site-packages/sklearn/gaussian_process/kernels.py:450: ConvergenceWarning: The optimal value found for dimension 5 of parameter k1__length_scale is close to the specified upper bound 1000.0. Increasing the bound and calling fit again may find a better value.
  warnings.warn(
/home/dev/hyph-bench/.venv/lib/python3.13/site-packages/sklearn/gaussian_process/kernels.py:450: ConvergenceWarning: The optimal value found for dimension 6 of parameter k1__length_scale is close to the specified upper bound 1000.0. Increasing the bound and calling fit again may find a better value.
  warnings.warn(
/home/dev/hyph-bench/.venv/lib/python3.13/site-packages/sklearn/gaussian_process/kernels.py:440: ConvergenceWarning: The optimal value found for dimension 0 of parameter k2__noise_level is close to the specified lower bound 0.0001. Decreasing the bound and calling fit again may find a better value.
  warnings.warn(
/home/dev/hyph-bench/.venv/lib/python3.13/site-packages/sklearn/gaussian_process/kernels.py:450: ConvergenceWarning: The optimal value found for dimension 6 of parameter k1__length_scale is close to the specified upper bound 1000.0. Increasing the bound and calling fit again may find a better value.
  warnings.warn(
/home/dev/hyph-bench/.venv/lib/python3.13/site-packages/sklearn/gaussian_process/kernels.py:440: ConvergenceWarning: The optimal value found for dimension 0 of parameter k2__noise_level is close to the specified lower bound 0.0001. Decreasing the bound and calling fit again may find a better value.
  warnings.warn(
/home/dev/hyph-bench/.venv/lib/python3.13/site-packages/sklearn/gaussian_process/kernels.py:450: ConvergenceWarning: The optimal value found for dimension 6 of parameter k1__length_scale is close to the specified upper bound 1000.0. Increasing the bound and calling fit again may find a better value.
  warnings.warn(
/home/dev/hyph-bench/.venv/lib/python3.13/site-packages/sklearn/gaussian_process/kernels.py:440: ConvergenceWarning: The optimal value found for dimension 0 of parameter k2__noise_level is close to the specified lower bound 0.0001. Decreasing the bound and calling fit again may find a better value.
  warnings.warn(
  Tested: params=(24, 5, 14, 2, 4, 2, 5, 1)
  validation: F_1/7=0.980041, precision=0.979979, recall=0.983068, good=177779, bad=3632, missed=3062, trie_nodes=39648, patterns=30879, objective=0.980008
  Tested: params=(16, 30, 29, 30, 2, 2, 3, 2)
  validation: F_1/7=0.976775, precision=0.976541, recall=0.988410, good=178745, bad=4294, missed=2096, trie_nodes=51229, patterns=42224, objective=0.976733
  Tested: params=(28, 23, 3, 23, 5, 5, 5, 3)
  validation: F_1/7=0.978873, precision=0.978664, recall=0.989228, good=178893, bad=3900, missed=1948, trie_nodes=44197, patterns=35692, objective=0.978837
  Tested: params=(30, 12, 27, 18, 4, 1, 2, 5)
  validation: F_1/7=0.975323, precision=0.975052, recall=0.988769, good=178810, bad=4575, missed=2031, trie_nodes=51242, patterns=39805, objective=0.975281
  Tested: params=(16, 28, 6, 2, 1, 4, 5, 3)
  validation: F_1/7=0.979994, precision=0.979966, recall=0.981343, good=177467, bad=3628, missed=3374, trie_nodes=38455, patterns=31592, objective=0.979962
  Best so far: params=(26, 25, 6, 1, 5, 2, 5, 2), score=0.981594, elapsed=1349.6s

============================================================
Round 14/30
/home/dev/hyph-bench/.venv/lib/python3.13/site-packages/sklearn/gaussian_process/kernels.py:450: ConvergenceWarning: The optimal value found for dimension 6 of parameter k1__length_scale is close to the specified upper bound 1000.0. Increasing the bound and calling fit again may find a better value.
  warnings.warn(
/home/dev/hyph-bench/.venv/lib/python3.13/site-packages/sklearn/gaussian_process/kernels.py:440: ConvergenceWarning: The optimal value found for dimension 0 of parameter k2__noise_level is close to the specified lower bound 0.0001. Decreasing the bound and calling fit again may find a better value.
  warnings.warn(
/home/dev/hyph-bench/.venv/lib/python3.13/site-packages/sklearn/gaussian_process/kernels.py:450: ConvergenceWarning: The optimal value found for dimension 4 of parameter k1__length_scale is close to the specified upper bound 1000.0. Increasing the bound and calling fit again may find a better value.
  warnings.warn(
/home/dev/hyph-bench/.venv/lib/python3.13/site-packages/sklearn/gaussian_process/kernels.py:450: ConvergenceWarning: The optimal value found for dimension 5 of parameter k1__length_scale is close to the specified upper bound 1000.0. Increasing the bound and calling fit again may find a better value.
  warnings.warn(
/home/dev/hyph-bench/.venv/lib/python3.13/site-packages/sklearn/gaussian_process/kernels.py:450: ConvergenceWarning: The optimal value found for dimension 5 of parameter k1__length_scale is close to the specified upper bound 1000.0. Increasing the bound and calling fit again may find a better value.
  warnings.warn(
/home/dev/hyph-bench/.venv/lib/python3.13/site-packages/sklearn/gaussian_process/kernels.py:450: ConvergenceWarning: The optimal value found for dimension 4 of parameter k1__length_scale is close to the specified upper bound 1000.0. Increasing the bound and calling fit again may find a better value.
  warnings.warn(
/home/dev/hyph-bench/.venv/lib/python3.13/site-packages/sklearn/gaussian_process/kernels.py:450: ConvergenceWarning: The optimal value found for dimension 5 of parameter k1__length_scale is close to the specified upper bound 1000.0. Increasing the bound and calling fit again may find a better value.
  warnings.warn(
/home/dev/hyph-bench/.venv/lib/python3.13/site-packages/sklearn/gaussian_process/kernels.py:450: ConvergenceWarning: The optimal value found for dimension 5 of parameter k1__length_scale is close to the specified upper bound 1000.0. Increasing the bound and calling fit again may find a better value.
  warnings.warn(
/home/dev/hyph-bench/.venv/lib/python3.13/site-packages/sklearn/gaussian_process/kernels.py:450: ConvergenceWarning: The optimal value found for dimension 6 of parameter k1__length_scale is close to the specified upper bound 1000.0. Increasing the bound and calling fit again may find a better value.
  warnings.warn(
  Tested: params=(16, 4, 1, 2, 5, 2, 2, 5)
  validation: F_1/7=0.978538, precision=0.979475, recall=0.934700, good=169032, bad=3542, missed=11809, trie_nodes=31697, patterns=31016, objective=0.978512
  Tested: params=(22, 30, 30, 27, 2, 3, 4, 2)
  validation: F_1/7=0.979518, precision=0.979373, recall=0.986684, good=178433, bad=3758, missed=2408, trie_nodes=46041, patterns=35570, objective=0.979480
  Tested: params=(27, 1, 26, 10, 1, 4, 5, 5)
  validation: F_1/7=0.979674, precision=0.979549, recall=0.985811, good=178275, bad=3722, missed=2566, trie_nodes=41702, patterns=32151, objective=0.979639
  Tested: params=(30, 24, 7, 6, 1, 5, 2, 1)
  validation: F_1/7=0.977360, precision=0.977138, recall=0.988382, good=178740, bad=4182, missed=2101, trie_nodes=48105, patterns=40137, objective=0.977320
  Tested: params=(19, 14, 2, 28, 2, 5, 4, 1)
  validation: F_1/7=0.979438, precision=0.979231, recall=0.989698, good=178978, bad=3796, missed=1863, trie_nodes=46663, patterns=39397, objective=0.979400
  Best so far: params=(26, 25, 6, 1, 5, 2, 5, 2), score=0.981594, elapsed=1454.5s

============================================================
Round 15/30
/home/dev/hyph-bench/.venv/lib/python3.13/site-packages/sklearn/gaussian_process/kernels.py:450: ConvergenceWarning: The optimal value found for dimension 5 of parameter k1__length_scale is close to the specified upper bound 1000.0. Increasing the bound and calling fit again may find a better value.
  warnings.warn(
/home/dev/hyph-bench/.venv/lib/python3.13/site-packages/sklearn/gaussian_process/kernels.py:450: ConvergenceWarning: The optimal value found for dimension 6 of parameter k1__length_scale is close to the specified upper bound 1000.0. Increasing the bound and calling fit again may find a better value.
  warnings.warn(
/home/dev/hyph-bench/.venv/lib/python3.13/site-packages/sklearn/gaussian_process/kernels.py:450: ConvergenceWarning: The optimal value found for dimension 4 of parameter k1__length_scale is close to the specified upper bound 1000.0. Increasing the bound and calling fit again may find a better value.
  warnings.warn(
/home/dev/hyph-bench/.venv/lib/python3.13/site-packages/sklearn/gaussian_process/kernels.py:450: ConvergenceWarning: The optimal value found for dimension 5 of parameter k1__length_scale is close to the specified upper bound 1000.0. Increasing the bound and calling fit again may find a better value.
  warnings.warn(
/home/dev/hyph-bench/.venv/lib/python3.13/site-packages/sklearn/gaussian_process/kernels.py:440: ConvergenceWarning: The optimal value found for dimension 0 of parameter k2__noise_level is close to the specified lower bound 0.0001. Decreasing the bound and calling fit again may find a better value.
  warnings.warn(
/home/dev/hyph-bench/.venv/lib/python3.13/site-packages/sklearn/gaussian_process/kernels.py:450: ConvergenceWarning: The optimal value found for dimension 4 of parameter k1__length_scale is close to the specified upper bound 1000.0. Increasing the bound and calling fit again may find a better value.
  warnings.warn(
/home/dev/hyph-bench/.venv/lib/python3.13/site-packages/sklearn/gaussian_process/kernels.py:440: ConvergenceWarning: The optimal value found for dimension 0 of parameter k2__noise_level is close to the specified lower bound 0.0001. Decreasing the bound and calling fit again may find a better value.
  warnings.warn(
/home/dev/hyph-bench/.venv/lib/python3.13/site-packages/sklearn/gaussian_process/kernels.py:450: ConvergenceWarning: The optimal value found for dimension 1 of parameter k1__length_scale is close to the specified upper bound 1000.0. Increasing the bound and calling fit again may find a better value.
  warnings.warn(
/home/dev/hyph-bench/.venv/lib/python3.13/site-packages/sklearn/gaussian_process/kernels.py:450: ConvergenceWarning: The optimal value found for dimension 5 of parameter k1__length_scale is close to the specified upper bound 1000.0. Increasing the bound and calling fit again may find a better value.
  warnings.warn(
/home/dev/hyph-bench/.venv/lib/python3.13/site-packages/sklearn/gaussian_process/kernels.py:450: ConvergenceWarning: The optimal value found for dimension 4 of parameter k1__length_scale is close to the specified upper bound 1000.0. Increasing the bound and calling fit again may find a better value.
  warnings.warn(
  Tested: params=(20, 2, 1, 13, 2, 4, 3, 5)
  validation: F_1/7=0.976082, precision=0.975855, recall=0.987370, good=178557, bad=4418, missed=2284, trie_nodes=39661, patterns=36715, objective=0.976050
  Tested: params=(24, 30, 29, 26, 4, 4, 5, 1)
  validation: F_1/7=0.978944, precision=0.978790, recall=0.986541, good=178407, bad=3866, missed=2434, trie_nodes=43440, patterns=31746, objective=0.978908
  Tested: params=(29, 30, 5, 1, 3, 1, 4, 1)
  validation: F_1/7=0.980862, precision=0.981212, recall=0.964013, good=174333, bad=3338, missed=6508, trie_nodes=38843, patterns=34284, objective=0.980830
  Tested: params=(18, 10, 28, 1, 5, 1, 3, 2)
  validation: F_1/7=0.978069, precision=0.978015, recall=0.980751, good=177360, bad=3987, missed=3481, trie_nodes=48493, patterns=39675, objective=0.978029
  Tested: params=(29, 1, 23, 27, 1, 1, 1, 5)
  validation: F_1/7=0.977436, precision=0.977216, recall=0.988305, good=178726, bad=4167, missed=2115, trie_nodes=55960, patterns=46211, objective=0.977389
  Best so far: params=(26, 25, 6, 1, 5, 2, 5, 2), score=0.981594, elapsed=1558.1s

============================================================
Round 16/30
/home/dev/hyph-bench/.venv/lib/python3.13/site-packages/sklearn/gaussian_process/kernels.py:450: ConvergenceWarning: The optimal value found for dimension 1 of parameter k1__length_scale is close to the specified upper bound 1000.0. Increasing the bound and calling fit again may find a better value.
  warnings.warn(
/home/dev/hyph-bench/.venv/lib/python3.13/site-packages/sklearn/gaussian_process/kernels.py:450: ConvergenceWarning: The optimal value found for dimension 4 of parameter k1__length_scale is close to the specified upper bound 1000.0. Increasing the bound and calling fit again may find a better value.
  warnings.warn(
/home/dev/hyph-bench/.venv/lib/python3.13/site-packages/sklearn/gaussian_process/kernels.py:450: ConvergenceWarning: The optimal value found for dimension 1 of parameter k1__length_scale is close to the specified upper bound 1000.0. Increasing the bound and calling fit again may find a better value.
  warnings.warn(
/home/dev/hyph-bench/.venv/lib/python3.13/site-packages/sklearn/gaussian_process/kernels.py:450: ConvergenceWarning: The optimal value found for dimension 5 of parameter k1__length_scale is close to the specified upper bound 1000.0. Increasing the bound and calling fit again may find a better value.
  warnings.warn(
/home/dev/hyph-bench/.venv/lib/python3.13/site-packages/sklearn/gaussian_process/kernels.py:450: ConvergenceWarning: The optimal value found for dimension 1 of parameter k1__length_scale is close to the specified upper bound 1000.0. Increasing the bound and calling fit again may find a better value.
  warnings.warn(
/home/dev/hyph-bench/.venv/lib/python3.13/site-packages/sklearn/gaussian_process/kernels.py:450: ConvergenceWarning: The optimal value found for dimension 2 of parameter k1__length_scale is close to the specified upper bound 1000.0. Increasing the bound and calling fit again may find a better value.
  warnings.warn(
/home/dev/hyph-bench/.venv/lib/python3.13/site-packages/sklearn/gaussian_process/kernels.py:450: ConvergenceWarning: The optimal value found for dimension 5 of parameter k1__length_scale is close to the specified upper bound 1000.0. Increasing the bound and calling fit again may find a better value.
  warnings.warn(
/home/dev/hyph-bench/.venv/lib/python3.13/site-packages/sklearn/gaussian_process/kernels.py:450: ConvergenceWarning: The optimal value found for dimension 2 of parameter k1__length_scale is close to the specified upper bound 1000.0. Increasing the bound and calling fit again may find a better value.
  warnings.warn(
/home/dev/hyph-bench/.venv/lib/python3.13/site-packages/sklearn/gaussian_process/kernels.py:450: ConvergenceWarning: The optimal value found for dimension 5 of parameter k1__length_scale is close to the specified upper bound 1000.0. Increasing the bound and calling fit again may find a better value.
  warnings.warn(
  Tested: params=(23, 1, 27, 2, 4, 4, 5, 2)
  validation: F_1/7=0.981975, precision=0.981925, recall=0.984412, good=178022, bad=3277, missed=2819, trie_nodes=41804, patterns=32112, objective=0.981940
  Tested: params=(29, 29, 1, 26, 4, 2, 5, 2)
  validation: F_1/7=0.974037, precision=0.973748, recall=0.988410, good=178745, bad=4819, missed=2096, trie_nodes=49617, patterns=43529, objective=0.973996
  Tested: params=(14, 30, 30, 19, 2, 3, 1, 2)
  validation: F_1/7=0.974269, precision=0.973983, recall=0.988487, good=178759, bad=4775, missed=2082, trie_nodes=50118, patterns=41506, objective=0.974228
  Tested: params=(14, 1, 7, 29, 4, 1, 1, 1)
  validation: F_1/7=0.975105, precision=0.974818, recall=0.989394, good=178923, bad=4622, missed=1918, trie_nodes=49805, patterns=46349, objective=0.975064
  Tested: params=(16, 20, 8, 4, 1, 5, 3, 5)
  validation: F_1/7=0.976416, precision=0.976174, recall=0.988454, good=178753, bad=4363, missed=2088, trie_nodes=41591, patterns=32024, objective=0.976382
  Best so far: params=(23, 1, 27, 2, 4, 4, 5, 2), score=0.981940, elapsed=1667.5s

============================================================
Round 17/30
/home/dev/hyph-bench/.venv/lib/python3.13/site-packages/sklearn/gaussian_process/kernels.py:450: ConvergenceWarning: The optimal value found for dimension 1 of parameter k1__length_scale is close to the specified upper bound 1000.0. Increasing the bound and calling fit again may find a better value.
  warnings.warn(
/home/dev/hyph-bench/.venv/lib/python3.13/site-packages/sklearn/gaussian_process/kernels.py:450: ConvergenceWarning: The optimal value found for dimension 2 of parameter k1__length_scale is close to the specified upper bound 1000.0. Increasing the bound and calling fit again may find a better value.
  warnings.warn(
/home/dev/hyph-bench/.venv/lib/python3.13/site-packages/sklearn/gaussian_process/kernels.py:450: ConvergenceWarning: The optimal value found for dimension 5 of parameter k1__length_scale is close to the specified upper bound 1000.0. Increasing the bound and calling fit again may find a better value.
  warnings.warn(
/home/dev/hyph-bench/.venv/lib/python3.13/site-packages/sklearn/gaussian_process/kernels.py:450: ConvergenceWarning: The optimal value found for dimension 1 of parameter k1__length_scale is close to the specified upper bound 1000.0. Increasing the bound and calling fit again may find a better value.
  warnings.warn(
/home/dev/hyph-bench/.venv/lib/python3.13/site-packages/sklearn/gaussian_process/kernels.py:450: ConvergenceWarning: The optimal value found for dimension 2 of parameter k1__length_scale is close to the specified upper bound 1000.0. Increasing the bound and calling fit again may find a better value.
  warnings.warn(
/home/dev/hyph-bench/.venv/lib/python3.13/site-packages/sklearn/gaussian_process/kernels.py:450: ConvergenceWarning: The optimal value found for dimension 5 of parameter k1__length_scale is close to the specified upper bound 1000.0. Increasing the bound and calling fit again may find a better value.
  warnings.warn(
/home/dev/hyph-bench/.venv/lib/python3.13/site-packages/sklearn/gaussian_process/kernels.py:450: ConvergenceWarning: The optimal value found for dimension 2 of parameter k1__length_scale is close to the specified upper bound 1000.0. Increasing the bound and calling fit again may find a better value.
  warnings.warn(
/home/dev/hyph-bench/.venv/lib/python3.13/site-packages/sklearn/gaussian_process/kernels.py:450: ConvergenceWarning: The optimal value found for dimension 4 of parameter k1__length_scale is close to the specified upper bound 1000.0. Increasing the bound and calling fit again may find a better value.
  warnings.warn(
/home/dev/hyph-bench/.venv/lib/python3.13/site-packages/sklearn/gaussian_process/kernels.py:450: ConvergenceWarning: The optimal value found for dimension 5 of parameter k1__length_scale is close to the specified upper bound 1000.0. Increasing the bound and calling fit again may find a better value.
  warnings.warn(
/home/dev/hyph-bench/.venv/lib/python3.13/site-packages/sklearn/gaussian_process/kernels.py:450: ConvergenceWarning: The optimal value found for dimension 1 of parameter k1__length_scale is close to the specified upper bound 1000.0. Increasing the bound and calling fit again may find a better value.
  warnings.warn(
/home/dev/hyph-bench/.venv/lib/python3.13/site-packages/sklearn/gaussian_process/kernels.py:450: ConvergenceWarning: The optimal value found for dimension 5 of parameter k1__length_scale is close to the specified upper bound 1000.0. Increasing the bound and calling fit again may find a better value.
  warnings.warn(
/home/dev/hyph-bench/.venv/lib/python3.13/site-packages/sklearn/gaussian_process/kernels.py:450: ConvergenceWarning: The optimal value found for dimension 1 of parameter k1__length_scale is close to the specified upper bound 1000.0. Increasing the bound and calling fit again may find a better value.
  warnings.warn(
/home/dev/hyph-bench/.venv/lib/python3.13/site-packages/sklearn/gaussian_process/kernels.py:450: ConvergenceWarning: The optimal value found for dimension 2 of parameter k1__length_scale is close to the specified upper bound 1000.0. Increasing the bound and calling fit again may find a better value.
  warnings.warn(
/home/dev/hyph-bench/.venv/lib/python3.13/site-packages/sklearn/gaussian_process/kernels.py:450: ConvergenceWarning: The optimal value found for dimension 5 of parameter k1__length_scale is close to the specified upper bound 1000.0. Increasing the bound and calling fit again may find a better value.
  warnings.warn(
  Tested: params=(22, 2, 29, 1, 2, 5, 1, 4)
  validation: F_1/7=0.977614, precision=0.977451, recall=0.985667, good=178249, bad=4112, missed=2592, trie_nodes=51000, patterns=39171, objective=0.977572
  Tested: params=(18, 30, 4, 30, 5, 1, 2, 3)
  validation: F_1/7=0.977287, precision=0.977031, recall=0.990019, good=179036, bad=4209, missed=1805, trie_nodes=49033, patterns=42074, objective=0.977247
  Tested: params=(27, 13, 25, 25, 4, 1, 5, 1)
  validation: F_1/7=0.979085, precision=0.978943, recall=0.986126, good=178332, bad=3836, missed=2509, trie_nodes=43628, patterns=32243, objective=0.979049
  Tested: params=(27, 19, 2, 1, 2, 4, 5, 1)
  validation: F_1/7=0.981934, precision=0.983623, recall=0.905724, good=163792, bad=2727, missed=17049, trie_nodes=32069, patterns=28438, objective=0.981908
  Tested: params=(16, 1, 1, 14, 3, 1, 4, 5)
  validation: F_1/7=0.971989, precision=0.971691, recall=0.986812, good=178456, bad=5199, missed=2385, trie_nodes=38900, patterns=37755, objective=0.971957
  Best so far: params=(23, 1, 27, 2, 4, 4, 5, 2), score=0.981940, elapsed=1773.9s

============================================================
Round 18/30
/home/dev/hyph-bench/.venv/lib/python3.13/site-packages/sklearn/gaussian_process/kernels.py:450: ConvergenceWarning: The optimal value found for dimension 2 of parameter k1__length_scale is close to the specified upper bound 1000.0. Increasing the bound and calling fit again may find a better value.
  warnings.warn(
/home/dev/hyph-bench/.venv/lib/python3.13/site-packages/sklearn/gaussian_process/kernels.py:450: ConvergenceWarning: The optimal value found for dimension 4 of parameter k1__length_scale is close to the specified upper bound 1000.0. Increasing the bound and calling fit again may find a better value.
  warnings.warn(
/home/dev/hyph-bench/.venv/lib/python3.13/site-packages/sklearn/gaussian_process/kernels.py:450: ConvergenceWarning: The optimal value found for dimension 5 of parameter k1__length_scale is close to the specified upper bound 1000.0. Increasing the bound and calling fit again may find a better value.
  warnings.warn(
/home/dev/hyph-bench/.venv/lib/python3.13/site-packages/sklearn/gaussian_process/kernels.py:450: ConvergenceWarning: The optimal value found for dimension 7 of parameter k1__length_scale is close to the specified upper bound 1000.0. Increasing the bound and calling fit again may find a better value.
  warnings.warn(
/home/dev/hyph-bench/.venv/lib/python3.13/site-packages/sklearn/gaussian_process/kernels.py:450: ConvergenceWarning: The optimal value found for dimension 2 of parameter k1__length_scale is close to the specified upper bound 1000.0. Increasing the bound and calling fit again may find a better value.
  warnings.warn(
/home/dev/hyph-bench/.venv/lib/python3.13/site-packages/sklearn/gaussian_process/kernels.py:450: ConvergenceWarning: The optimal value found for dimension 4 of parameter k1__length_scale is close to the specified upper bound 1000.0. Increasing the bound and calling fit again may find a better value.
  warnings.warn(
/home/dev/hyph-bench/.venv/lib/python3.13/site-packages/sklearn/gaussian_process/kernels.py:450: ConvergenceWarning: The optimal value found for dimension 5 of parameter k1__length_scale is close to the specified upper bound 1000.0. Increasing the bound and calling fit again may find a better value.
  warnings.warn(
/home/dev/hyph-bench/.venv/lib/python3.13/site-packages/sklearn/gaussian_process/kernels.py:450: ConvergenceWarning: The optimal value found for dimension 7 of parameter k1__length_scale is close to the specified upper bound 1000.0. Increasing the bound and calling fit again may find a better value.
  warnings.warn(
/home/dev/hyph-bench/.venv/lib/python3.13/site-packages/sklearn/gaussian_process/kernels.py:450: ConvergenceWarning: The optimal value found for dimension 2 of parameter k1__length_scale is close to the specified upper bound 1000.0. Increasing the bound and calling fit again may find a better value.
  warnings.warn(
/home/dev/hyph-bench/.venv/lib/python3.13/site-packages/sklearn/gaussian_process/kernels.py:450: ConvergenceWarning: The optimal value found for dimension 4 of parameter k1__length_scale is close to the specified upper bound 1000.0. Increasing the bound and calling fit again may find a better value.
  warnings.warn(
/home/dev/hyph-bench/.venv/lib/python3.13/site-packages/sklearn/gaussian_process/kernels.py:450: ConvergenceWarning: The optimal value found for dimension 5 of parameter k1__length_scale is close to the specified upper bound 1000.0. Increasing the bound and calling fit again may find a better value.
  warnings.warn(
/home/dev/hyph-bench/.venv/lib/python3.13/site-packages/sklearn/gaussian_process/kernels.py:450: ConvergenceWarning: The optimal value found for dimension 7 of parameter k1__length_scale is close to the specified upper bound 1000.0. Increasing the bound and calling fit again may find a better value.
  warnings.warn(
/home/dev/hyph-bench/.venv/lib/python3.13/site-packages/sklearn/gaussian_process/kernels.py:450: ConvergenceWarning: The optimal value found for dimension 2 of parameter k1__length_scale is close to the specified upper bound 1000.0. Increasing the bound and calling fit again may find a better value.
  warnings.warn(
/home/dev/hyph-bench/.venv/lib/python3.13/site-packages/sklearn/gaussian_process/kernels.py:450: ConvergenceWarning: The optimal value found for dimension 4 of parameter k1__length_scale is close to the specified upper bound 1000.0. Increasing the bound and calling fit again may find a better value.
  warnings.warn(
/home/dev/hyph-bench/.venv/lib/python3.13/site-packages/sklearn/gaussian_process/kernels.py:450: ConvergenceWarning: The optimal value found for dimension 5 of parameter k1__length_scale is close to the specified upper bound 1000.0. Increasing the bound and calling fit again may find a better value.
  warnings.warn(
/home/dev/hyph-bench/.venv/lib/python3.13/site-packages/sklearn/gaussian_process/kernels.py:440: ConvergenceWarning: The optimal value found for dimension 0 of parameter k1__length_scale is close to the specified lower bound 0.001. Decreasing the bound and calling fit again may find a better value.
  warnings.warn(
/home/dev/hyph-bench/.venv/lib/python3.13/site-packages/sklearn/gaussian_process/kernels.py:450: ConvergenceWarning: The optimal value found for dimension 2 of parameter k1__length_scale is close to the specified upper bound 1000.0. Increasing the bound and calling fit again may find a better value.
  warnings.warn(
/home/dev/hyph-bench/.venv/lib/python3.13/site-packages/sklearn/gaussian_process/kernels.py:450: ConvergenceWarning: The optimal value found for dimension 4 of parameter k1__length_scale is close to the specified upper bound 1000.0. Increasing the bound and calling fit again may find a better value.
  warnings.warn(
/home/dev/hyph-bench/.venv/lib/python3.13/site-packages/sklearn/gaussian_process/kernels.py:450: ConvergenceWarning: The optimal value found for dimension 5 of parameter k1__length_scale is close to the specified upper bound 1000.0. Increasing the bound and calling fit again may find a better value.
  warnings.warn(
/home/dev/hyph-bench/.venv/lib/python3.13/site-packages/sklearn/gaussian_process/kernels.py:450: ConvergenceWarning: The optimal value found for dimension 6 of parameter k1__length_scale is close to the specified upper bound 1000.0. Increasing the bound and calling fit again may find a better value.
  warnings.warn(
  Tested: params=(23, 26, 19, 2, 1, 3, 1, 1)
  validation: F_1/7=0.977427, precision=0.977300, recall=0.983709, good=177895, bad=4132, missed=2946, trie_nodes=49800, patterns=40980, objective=0.977386
  Tested: params=(18, 1, 3, 28, 1, 3, 5, 3)
  validation: F_1/7=0.979254, precision=0.979065, recall=0.988636, good=178786, bad=3823, missed=2055, trie_nodes=46037, patterns=43016, objective=0.979216
  Tested: params=(27, 15, 30, 23, 5, 5, 5, 2)
  validation: F_1/7=0.979182, precision=0.979041, recall=0.986187, good=178343, bad=3818, missed=2498, trie_nodes=43142, patterns=31265, objective=0.979147
  Tested: params=(28, 30, 1, 18, 5, 1, 5, 1)
  validation: F_1/7=0.974298, precision=0.974037, recall=0.987271, good=178539, bad=4759, missed=2302, trie_nodes=48025, patterns=42250, objective=0.974258
  Tested: params=(29, 7, 3, 5, 5, 5, 1, 4)
  validation: F_1/7=0.976772, precision=0.976556, recall=0.987464, good=178574, bad=4287, missed=2267, trie_nodes=38488, patterns=31877, objective=0.976740
  Best so far: params=(23, 1, 27, 2, 4, 4, 5, 2), score=0.981940, elapsed=1878.1s

============================================================
Round 19/30
/home/dev/hyph-bench/.venv/lib/python3.13/site-packages/sklearn/gaussian_process/kernels.py:440: ConvergenceWarning: The optimal value found for dimension 0 of parameter k1__length_scale is close to the specified lower bound 0.001. Decreasing the bound and calling fit again may find a better value.
  warnings.warn(
/home/dev/hyph-bench/.venv/lib/python3.13/site-packages/sklearn/gaussian_process/kernels.py:450: ConvergenceWarning: The optimal value found for dimension 2 of parameter k1__length_scale is close to the specified upper bound 1000.0. Increasing the bound and calling fit again may find a better value.
  warnings.warn(
/home/dev/hyph-bench/.venv/lib/python3.13/site-packages/sklearn/gaussian_process/kernels.py:450: ConvergenceWarning: The optimal value found for dimension 4 of parameter k1__length_scale is close to the specified upper bound 1000.0. Increasing the bound and calling fit again may find a better value.
  warnings.warn(
/home/dev/hyph-bench/.venv/lib/python3.13/site-packages/sklearn/gaussian_process/kernels.py:450: ConvergenceWarning: The optimal value found for dimension 5 of parameter k1__length_scale is close to the specified upper bound 1000.0. Increasing the bound and calling fit again may find a better value.
  warnings.warn(
/home/dev/hyph-bench/.venv/lib/python3.13/site-packages/sklearn/gaussian_process/kernels.py:450: ConvergenceWarning: The optimal value found for dimension 6 of parameter k1__length_scale is close to the specified upper bound 1000.0. Increasing the bound and calling fit again may find a better value.
  warnings.warn(
/home/dev/hyph-bench/.venv/lib/python3.13/site-packages/sklearn/gaussian_process/kernels.py:450: ConvergenceWarning: The optimal value found for dimension 1 of parameter k1__length_scale is close to the specified upper bound 1000.0. Increasing the bound and calling fit again may find a better value.
  warnings.warn(
/home/dev/hyph-bench/.venv/lib/python3.13/site-packages/sklearn/gaussian_process/kernels.py:450: ConvergenceWarning: The optimal value found for dimension 2 of parameter k1__length_scale is close to the specified upper bound 1000.0. Increasing the bound and calling fit again may find a better value.
  warnings.warn(
/home/dev/hyph-bench/.venv/lib/python3.13/site-packages/sklearn/gaussian_process/kernels.py:450: ConvergenceWarning: The optimal value found for dimension 5 of parameter k1__length_scale is close to the specified upper bound 1000.0. Increasing the bound and calling fit again may find a better value.
  warnings.warn(
/home/dev/hyph-bench/.venv/lib/python3.13/site-packages/sklearn/gaussian_process/kernels.py:450: ConvergenceWarning: The optimal value found for dimension 2 of parameter k1__length_scale is close to the specified upper bound 1000.0. Increasing the bound and calling fit again may find a better value.
  warnings.warn(
/home/dev/hyph-bench/.venv/lib/python3.13/site-packages/sklearn/gaussian_process/kernels.py:450: ConvergenceWarning: The optimal value found for dimension 4 of parameter k1__length_scale is close to the specified upper bound 1000.0. Increasing the bound and calling fit again may find a better value.
  warnings.warn(
/home/dev/hyph-bench/.venv/lib/python3.13/site-packages/sklearn/gaussian_process/kernels.py:450: ConvergenceWarning: The optimal value found for dimension 5 of parameter k1__length_scale is close to the specified upper bound 1000.0. Increasing the bound and calling fit again may find a better value.
  warnings.warn(
/home/dev/hyph-bench/.venv/lib/python3.13/site-packages/sklearn/gaussian_process/kernels.py:450: ConvergenceWarning: The optimal value found for dimension 6 of parameter k1__length_scale is close to the specified upper bound 1000.0. Increasing the bound and calling fit again may find a better value.
  warnings.warn(
/home/dev/hyph-bench/.venv/lib/python3.13/site-packages/sklearn/gaussian_process/kernels.py:450: ConvergenceWarning: The optimal value found for dimension 1 of parameter k1__length_scale is close to the specified upper bound 1000.0. Increasing the bound and calling fit again may find a better value.
  warnings.warn(
/home/dev/hyph-bench/.venv/lib/python3.13/site-packages/sklearn/gaussian_process/kernels.py:450: ConvergenceWarning: The optimal value found for dimension 2 of parameter k1__length_scale is close to the specified upper bound 1000.0. Increasing the bound and calling fit again may find a better value.
  warnings.warn(
/home/dev/hyph-bench/.venv/lib/python3.13/site-packages/sklearn/gaussian_process/kernels.py:450: ConvergenceWarning: The optimal value found for dimension 5 of parameter k1__length_scale is close to the specified upper bound 1000.0. Increasing the bound and calling fit again may find a better value.
  warnings.warn(
/home/dev/hyph-bench/.venv/lib/python3.13/site-packages/sklearn/gaussian_process/kernels.py:450: ConvergenceWarning: The optimal value found for dimension 1 of parameter k1__length_scale is close to the specified upper bound 1000.0. Increasing the bound and calling fit again may find a better value.
  warnings.warn(
/home/dev/hyph-bench/.venv/lib/python3.13/site-packages/sklearn/gaussian_process/kernels.py:450: ConvergenceWarning: The optimal value found for dimension 2 of parameter k1__length_scale is close to the specified upper bound 1000.0. Increasing the bound and calling fit again may find a better value.
  warnings.warn(
/home/dev/hyph-bench/.venv/lib/python3.13/site-packages/sklearn/gaussian_process/kernels.py:450: ConvergenceWarning: The optimal value found for dimension 5 of parameter k1__length_scale is close to the specified upper bound 1000.0. Increasing the bound and calling fit again may find a better value.
  warnings.warn(
  Tested: params=(23, 1, 19, 29, 3, 4, 3, 5)
  validation: F_1/7=0.976871, precision=0.976630, recall=0.988824, good=178820, bad=4279, missed=2021, trie_nodes=52606, patterns=41767, objective=0.976828
  Tested: params=(16, 30, 2, 3, 1, 3, 4, 4)
  validation: F_1/7=0.978894, precision=0.978851, recall=0.981000, good=177405, bad=3833, missed=3436, trie_nodes=36362, patterns=32329, objective=0.978864
  Tested: params=(29, 25, 29, 9, 5, 4, 1, 3)
  validation: F_1/7=0.976754, precision=0.976526, recall=0.988034, good=178677, bad=4295, missed=2164, trie_nodes=52589, patterns=40782, objective=0.976711
  Tested: params=(28, 4, 10, 1, 4, 1, 2, 4)
  validation: F_1/7=0.977010, precision=0.976915, recall=0.981669, good=177526, bad=4195, missed=3315, trie_nodes=45728, patterns=37635, objective=0.976972
  Tested: params=(26, 25, 5, 27, 1, 5, 2, 1)
  validation: F_1/7=0.976534, precision=0.976261, recall=0.990129, good=179056, bad=4354, missed=1785, trie_nodes=49478, patterns=41431, objective=0.976494
  Best so far: params=(23, 1, 27, 2, 4, 4, 5, 2), score=0.981940, elapsed=1987.2s

============================================================
Round 20/30
/home/dev/hyph-bench/.venv/lib/python3.13/site-packages/sklearn/gaussian_process/kernels.py:450: ConvergenceWarning: The optimal value found for dimension 1 of parameter k1__length_scale is close to the specified upper bound 1000.0. Increasing the bound and calling fit again may find a better value.
  warnings.warn(
/home/dev/hyph-bench/.venv/lib/python3.13/site-packages/sklearn/gaussian_process/kernels.py:450: ConvergenceWarning: The optimal value found for dimension 2 of parameter k1__length_scale is close to the specified upper bound 1000.0. Increasing the bound and calling fit again may find a better value.
  warnings.warn(
/home/dev/hyph-bench/.venv/lib/python3.13/site-packages/sklearn/gaussian_process/kernels.py:450: ConvergenceWarning: The optimal value found for dimension 5 of parameter k1__length_scale is close to the specified upper bound 1000.0. Increasing the bound and calling fit again may find a better value.
  warnings.warn(
/home/dev/hyph-bench/.venv/lib/python3.13/site-packages/sklearn/gaussian_process/kernels.py:440: ConvergenceWarning: The optimal value found for dimension 0 of parameter k1__length_scale is close to the specified lower bound 0.001. Decreasing the bound and calling fit again may find a better value.
  warnings.warn(
/home/dev/hyph-bench/.venv/lib/python3.13/site-packages/sklearn/gaussian_process/kernels.py:450: ConvergenceWarning: The optimal value found for dimension 2 of parameter k1__length_scale is close to the specified upper bound 1000.0. Increasing the bound and calling fit again may find a better value.
  warnings.warn(
/home/dev/hyph-bench/.venv/lib/python3.13/site-packages/sklearn/gaussian_process/kernels.py:450: ConvergenceWarning: The optimal value found for dimension 4 of parameter k1__length_scale is close to the specified upper bound 1000.0. Increasing the bound and calling fit again may find a better value.
  warnings.warn(
/home/dev/hyph-bench/.venv/lib/python3.13/site-packages/sklearn/gaussian_process/kernels.py:450: ConvergenceWarning: The optimal value found for dimension 5 of parameter k1__length_scale is close to the specified upper bound 1000.0. Increasing the bound and calling fit again may find a better value.
  warnings.warn(
/home/dev/hyph-bench/.venv/lib/python3.13/site-packages/sklearn/gaussian_process/kernels.py:450: ConvergenceWarning: The optimal value found for dimension 6 of parameter k1__length_scale is close to the specified upper bound 1000.0. Increasing the bound and calling fit again may find a better value.
  warnings.warn(
/home/dev/hyph-bench/.venv/lib/python3.13/site-packages/sklearn/gaussian_process/kernels.py:440: ConvergenceWarning: The optimal value found for dimension 0 of parameter k1__length_scale is close to the specified lower bound 0.001. Decreasing the bound and calling fit again may find a better value.
  warnings.warn(
/home/dev/hyph-bench/.venv/lib/python3.13/site-packages/sklearn/gaussian_process/kernels.py:450: ConvergenceWarning: The optimal value found for dimension 2 of parameter k1__length_scale is close to the specified upper bound 1000.0. Increasing the bound and calling fit again may find a better value.
  warnings.warn(
/home/dev/hyph-bench/.venv/lib/python3.13/site-packages/sklearn/gaussian_process/kernels.py:450: ConvergenceWarning: The optimal value found for dimension 4 of parameter k1__length_scale is close to the specified upper bound 1000.0. Increasing the bound and calling fit again may find a better value.
  warnings.warn(
/home/dev/hyph-bench/.venv/lib/python3.13/site-packages/sklearn/gaussian_process/kernels.py:450: ConvergenceWarning: The optimal value found for dimension 5 of parameter k1__length_scale is close to the specified upper bound 1000.0. Increasing the bound and calling fit again may find a better value.
  warnings.warn(
/home/dev/hyph-bench/.venv/lib/python3.13/site-packages/sklearn/gaussian_process/kernels.py:450: ConvergenceWarning: The optimal value found for dimension 6 of parameter k1__length_scale is close to the specified upper bound 1000.0. Increasing the bound and calling fit again may find a better value.
  warnings.warn(
/home/dev/hyph-bench/.venv/lib/python3.13/site-packages/sklearn/gaussian_process/kernels.py:440: ConvergenceWarning: The optimal value found for dimension 0 of parameter k1__length_scale is close to the specified lower bound 0.001. Decreasing the bound and calling fit again may find a better value.
  warnings.warn(
/home/dev/hyph-bench/.venv/lib/python3.13/site-packages/sklearn/gaussian_process/kernels.py:450: ConvergenceWarning: The optimal value found for dimension 2 of parameter k1__length_scale is close to the specified upper bound 1000.0. Increasing the bound and calling fit again may find a better value.
  warnings.warn(
/home/dev/hyph-bench/.venv/lib/python3.13/site-packages/sklearn/gaussian_process/kernels.py:450: ConvergenceWarning: The optimal value found for dimension 4 of parameter k1__length_scale is close to the specified upper bound 1000.0. Increasing the bound and calling fit again may find a better value.
  warnings.warn(
/home/dev/hyph-bench/.venv/lib/python3.13/site-packages/sklearn/gaussian_process/kernels.py:450: ConvergenceWarning: The optimal value found for dimension 5 of parameter k1__length_scale is close to the specified upper bound 1000.0. Increasing the bound and calling fit again may find a better value.
  warnings.warn(
/home/dev/hyph-bench/.venv/lib/python3.13/site-packages/sklearn/gaussian_process/kernels.py:450: ConvergenceWarning: The optimal value found for dimension 6 of parameter k1__length_scale is close to the specified upper bound 1000.0. Increasing the bound and calling fit again may find a better value.
  warnings.warn(
/home/dev/hyph-bench/.venv/lib/python3.13/site-packages/sklearn/gaussian_process/kernels.py:450: ConvergenceWarning: The optimal value found for dimension 2 of parameter k1__length_scale is close to the specified upper bound 1000.0. Increasing the bound and calling fit again may find a better value.
  warnings.warn(
/home/dev/hyph-bench/.venv/lib/python3.13/site-packages/sklearn/gaussian_process/kernels.py:450: ConvergenceWarning: The optimal value found for dimension 4 of parameter k1__length_scale is close to the specified upper bound 1000.0. Increasing the bound and calling fit again may find a better value.
  warnings.warn(
/home/dev/hyph-bench/.venv/lib/python3.13/site-packages/sklearn/gaussian_process/kernels.py:450: ConvergenceWarning: The optimal value found for dimension 5 of parameter k1__length_scale is close to the specified upper bound 1000.0. Increasing the bound and calling fit again may find a better value.
  warnings.warn(
  Tested: params=(17, 16, 13, 1, 4, 3, 5, 1)
  validation: F_1/7=0.980967, precision=0.981097, recall=0.974657, good=176258, bad=3396, missed=4583, trie_nodes=38049, patterns=30572, objective=0.980936
  Tested: params=(23, 1, 30, 30, 1, 4, 4, 4)
  validation: F_1/7=0.979423, precision=0.979295, recall=0.985733, good=178261, bad=3769, missed=2580, trie_nodes=41409, patterns=32039, objective=0.979388
  Tested: params=(23, 26, 1, 30, 3, 2, 4, 1)
  validation: F_1/7=0.976056, precision=0.975792, recall=0.989195, good=178887, bad=4438, missed=1954, trie_nodes=51462, patterns=46240, objective=0.976014
  Tested: params=(28, 29, 30, 15, 5, 3, 4, 1)
  validation: F_1/7=0.979134, precision=0.978994, recall=0.986026, good=178314, bad=3826, missed=2527, trie_nodes=44505, patterns=32782, objective=0.979097
  Tested: params=(28, 5, 3, 8, 1, 2, 1, 5)
  validation: F_1/7=0.975789, precision=0.975510, recall=0.989665, good=178972, bad=4493, missed=1869, trie_nodes=42214, patterns=37266, objective=0.975755
  Best so far: params=(23, 1, 27, 2, 4, 4, 5, 2), score=0.981940, elapsed=2096.0s

============================================================
Round 21/30
/home/dev/hyph-bench/.venv/lib/python3.13/site-packages/sklearn/gaussian_process/kernels.py:450: ConvergenceWarning: The optimal value found for dimension 2 of parameter k1__length_scale is close to the specified upper bound 1000.0. Increasing the bound and calling fit again may find a better value.
  warnings.warn(
/home/dev/hyph-bench/.venv/lib/python3.13/site-packages/sklearn/gaussian_process/kernels.py:450: ConvergenceWarning: The optimal value found for dimension 4 of parameter k1__length_scale is close to the specified upper bound 1000.0. Increasing the bound and calling fit again may find a better value.
  warnings.warn(
/home/dev/hyph-bench/.venv/lib/python3.13/site-packages/sklearn/gaussian_process/kernels.py:450: ConvergenceWarning: The optimal value found for dimension 5 of parameter k1__length_scale is close to the specified upper bound 1000.0. Increasing the bound and calling fit again may find a better value.
  warnings.warn(
/home/dev/hyph-bench/.venv/lib/python3.13/site-packages/sklearn/gaussian_process/kernels.py:450: ConvergenceWarning: The optimal value found for dimension 1 of parameter k1__length_scale is close to the specified upper bound 1000.0. Increasing the bound and calling fit again may find a better value.
  warnings.warn(
/home/dev/hyph-bench/.venv/lib/python3.13/site-packages/sklearn/gaussian_process/kernels.py:450: ConvergenceWarning: The optimal value found for dimension 4 of parameter k1__length_scale is close to the specified upper bound 1000.0. Increasing the bound and calling fit again may find a better value.
  warnings.warn(
/home/dev/hyph-bench/.venv/lib/python3.13/site-packages/sklearn/gaussian_process/kernels.py:450: ConvergenceWarning: The optimal value found for dimension 5 of parameter k1__length_scale is close to the specified upper bound 1000.0. Increasing the bound and calling fit again may find a better value.
  warnings.warn(
/home/dev/hyph-bench/.venv/lib/python3.13/site-packages/sklearn/gaussian_process/kernels.py:440: ConvergenceWarning: The optimal value found for dimension 0 of parameter k1__length_scale is close to the specified lower bound 0.001. Decreasing the bound and calling fit again may find a better value.
  warnings.warn(
/home/dev/hyph-bench/.venv/lib/python3.13/site-packages/sklearn/gaussian_process/kernels.py:450: ConvergenceWarning: The optimal value found for dimension 2 of parameter k1__length_scale is close to the specified upper bound 1000.0. Increasing the bound and calling fit again may find a better value.
  warnings.warn(
/home/dev/hyph-bench/.venv/lib/python3.13/site-packages/sklearn/gaussian_process/kernels.py:450: ConvergenceWarning: The optimal value found for dimension 4 of parameter k1__length_scale is close to the specified upper bound 1000.0. Increasing the bound and calling fit again may find a better value.
  warnings.warn(
/home/dev/hyph-bench/.venv/lib/python3.13/site-packages/sklearn/gaussian_process/kernels.py:450: ConvergenceWarning: The optimal value found for dimension 5 of parameter k1__length_scale is close to the specified upper bound 1000.0. Increasing the bound and calling fit again may find a better value.
  warnings.warn(
/home/dev/hyph-bench/.venv/lib/python3.13/site-packages/sklearn/gaussian_process/kernels.py:450: ConvergenceWarning: The optimal value found for dimension 1 of parameter k1__length_scale is close to the specified upper bound 1000.0. Increasing the bound and calling fit again may find a better value.
  warnings.warn(
/home/dev/hyph-bench/.venv/lib/python3.13/site-packages/sklearn/gaussian_process/kernels.py:450: ConvergenceWarning: The optimal value found for dimension 4 of parameter k1__length_scale is close to the specified upper bound 1000.0. Increasing the bound and calling fit again may find a better value.
  warnings.warn(
/home/dev/hyph-bench/.venv/lib/python3.13/site-packages/sklearn/gaussian_process/kernels.py:450: ConvergenceWarning: The optimal value found for dimension 5 of parameter k1__length_scale is close to the specified upper bound 1000.0. Increasing the bound and calling fit again may find a better value.
  warnings.warn(
/home/dev/hyph-bench/.venv/lib/python3.13/site-packages/sklearn/gaussian_process/kernels.py:450: ConvergenceWarning: The optimal value found for dimension 1 of parameter k1__length_scale is close to the specified upper bound 1000.0. Increasing the bound and calling fit again may find a better value.
  warnings.warn(
/home/dev/hyph-bench/.venv/lib/python3.13/site-packages/sklearn/gaussian_process/kernels.py:450: ConvergenceWarning: The optimal value found for dimension 4 of parameter k1__length_scale is close to the specified upper bound 1000.0. Increasing the bound and calling fit again may find a better value.
  warnings.warn(
/home/dev/hyph-bench/.venv/lib/python3.13/site-packages/sklearn/gaussian_process/kernels.py:450: ConvergenceWarning: The optimal value found for dimension 5 of parameter k1__length_scale is close to the specified upper bound 1000.0. Increasing the bound and calling fit again may find a better value.
  warnings.warn(
  Tested: params=(21, 1, 13, 1, 2, 2, 4, 4)
  validation: F_1/7=0.980035, precision=0.979965, recall=0.983461, good=177850, bad=3636, missed=2991, trie_nodes=39981, patterns=33604, objective=0.980002
  Tested: params=(26, 30, 30, 30, 3, 5, 5, 4)
  validation: F_1/7=0.976334, precision=0.976104, recall=0.987746, good=178625, bad=4373, missed=2216, trie_nodes=40034, patterns=29503, objective=0.976301
  Tested: params=(17, 22, 1, 20, 1, 4, 5, 1)
  validation: F_1/7=0.978298, precision=0.978087, recall=0.988758, good=178808, bad=4006, missed=2033, trie_nodes=47847, patterns=41053, objective=0.978259
  Tested: params=(28, 4, 6, 30, 3, 5, 2, 4)
  validation: F_1/7=0.974417, precision=0.974079, recall=0.991224, good=179254, bad=4770, missed=1587, trie_nodes=44136, patterns=35049, objective=0.974380
  Tested: params=(17, 23, 29, 5, 1, 2, 1, 3)
  validation: F_1/7=0.977520, precision=0.977324, recall=0.987177, good=178522, bad=4142, missed=2319, trie_nodes=49750, patterns=41038, objective=0.977478
  Best so far: params=(23, 1, 27, 2, 4, 4, 5, 2), score=0.981940, elapsed=2202.1s

============================================================
Round 22/30
/home/dev/hyph-bench/.venv/lib/python3.13/site-packages/sklearn/gaussian_process/kernels.py:450: ConvergenceWarning: The optimal value found for dimension 1 of parameter k1__length_scale is close to the specified upper bound 1000.0. Increasing the bound and calling fit again may find a better value.
  warnings.warn(
/home/dev/hyph-bench/.venv/lib/python3.13/site-packages/sklearn/gaussian_process/kernels.py:450: ConvergenceWarning: The optimal value found for dimension 4 of parameter k1__length_scale is close to the specified upper bound 1000.0. Increasing the bound and calling fit again may find a better value.
  warnings.warn(
/home/dev/hyph-bench/.venv/lib/python3.13/site-packages/sklearn/gaussian_process/kernels.py:450: ConvergenceWarning: The optimal value found for dimension 5 of parameter k1__length_scale is close to the specified upper bound 1000.0. Increasing the bound and calling fit again may find a better value.
  warnings.warn(
/home/dev/hyph-bench/.venv/lib/python3.13/site-packages/sklearn/gaussian_process/kernels.py:450: ConvergenceWarning: The optimal value found for dimension 1 of parameter k1__length_scale is close to the specified upper bound 1000.0. Increasing the bound and calling fit again may find a better value.
  warnings.warn(
/home/dev/hyph-bench/.venv/lib/python3.13/site-packages/sklearn/gaussian_process/kernels.py:450: ConvergenceWarning: The optimal value found for dimension 4 of parameter k1__length_scale is close to the specified upper bound 1000.0. Increasing the bound and calling fit again may find a better value.
  warnings.warn(
/home/dev/hyph-bench/.venv/lib/python3.13/site-packages/sklearn/gaussian_process/kernels.py:450: ConvergenceWarning: The optimal value found for dimension 5 of parameter k1__length_scale is close to the specified upper bound 1000.0. Increasing the bound and calling fit again may find a better value.
  warnings.warn(
/home/dev/hyph-bench/.venv/lib/python3.13/site-packages/sklearn/gaussian_process/kernels.py:450: ConvergenceWarning: The optimal value found for dimension 1 of parameter k1__length_scale is close to the specified upper bound 1000.0. Increasing the bound and calling fit again may find a better value.
  warnings.warn(
/home/dev/hyph-bench/.venv/lib/python3.13/site-packages/sklearn/gaussian_process/kernels.py:450: ConvergenceWarning: The optimal value found for dimension 4 of parameter k1__length_scale is close to the specified upper bound 1000.0. Increasing the bound and calling fit again may find a better value.
  warnings.warn(
/home/dev/hyph-bench/.venv/lib/python3.13/site-packages/sklearn/gaussian_process/kernels.py:450: ConvergenceWarning: The optimal value found for dimension 5 of parameter k1__length_scale is close to the specified upper bound 1000.0. Increasing the bound and calling fit again may find a better value.
  warnings.warn(
/home/dev/hyph-bench/.venv/lib/python3.13/site-packages/sklearn/gaussian_process/kernels.py:450: ConvergenceWarning: The optimal value found for dimension 1 of parameter k1__length_scale is close to the specified upper bound 1000.0. Increasing the bound and calling fit again may find a better value.
  warnings.warn(
/home/dev/hyph-bench/.venv/lib/python3.13/site-packages/sklearn/gaussian_process/kernels.py:450: ConvergenceWarning: The optimal value found for dimension 4 of parameter k1__length_scale is close to the specified upper bound 1000.0. Increasing the bound and calling fit again may find a better value.
  warnings.warn(
/home/dev/hyph-bench/.venv/lib/python3.13/site-packages/sklearn/gaussian_process/kernels.py:450: ConvergenceWarning: The optimal value found for dimension 5 of parameter k1__length_scale is close to the specified upper bound 1000.0. Increasing the bound and calling fit again may find a better value.
  warnings.warn(
/home/dev/hyph-bench/.venv/lib/python3.13/site-packages/sklearn/gaussian_process/kernels.py:450: ConvergenceWarning: The optimal value found for dimension 1 of parameter k1__length_scale is close to the specified upper bound 1000.0. Increasing the bound and calling fit again may find a better value.
  warnings.warn(
/home/dev/hyph-bench/.venv/lib/python3.13/site-packages/sklearn/gaussian_process/kernels.py:450: ConvergenceWarning: The optimal value found for dimension 4 of parameter k1__length_scale is close to the specified upper bound 1000.0. Increasing the bound and calling fit again may find a better value.
  warnings.warn(
/home/dev/hyph-bench/.venv/lib/python3.13/site-packages/sklearn/gaussian_process/kernels.py:450: ConvergenceWarning: The optimal value found for dimension 5 of parameter k1__length_scale is close to the specified upper bound 1000.0. Increasing the bound and calling fit again may find a better value.
  warnings.warn(
  Tested: params=(26, 22, 26, 1, 3, 5, 4, 1)
  validation: F_1/7=0.981310, precision=0.981438, recall=0.975083, good=176335, bad=3335, missed=4506, trie_nodes=40981, patterns=32067, objective=0.981276
  Tested: params=(18, 1, 4, 27, 2, 3, 2, 1)
  validation: F_1/7=0.975692, precision=0.975410, recall=0.989709, good=178980, bad=4512, missed=1861, trie_nodes=49493, patterns=47877, objective=0.975651
  Tested: params=(20, 29, 11, 18, 1, 1, 5, 4)
  validation: F_1/7=0.978444, precision=0.978239, recall=0.988614, good=178782, bad=3977, missed=2059, trie_nodes=40110, patterns=32228, objective=0.978411
  Tested: params=(22, 11, 1, 1, 5, 1, 2, 4)
  validation: F_1/7=0.979635, precision=0.982243, recall=0.866861, good=156764, bad=2834, missed=24077, trie_nodes=30893, patterns=28124, objective=0.979610
  Tested: params=(23, 7, 28, 23, 5, 1, 4, 5)
  validation: F_1/7=0.978345, precision=0.978176, recall=0.986679, good=178432, bad=3981, missed=2409, trie_nodes=39163, patterns=29347, objective=0.978312
  Best so far: params=(23, 1, 27, 2, 4, 4, 5, 2), score=0.981940, elapsed=2307.5s

============================================================
Round 23/30
/home/dev/hyph-bench/.venv/lib/python3.13/site-packages/sklearn/gaussian_process/kernels.py:450: ConvergenceWarning: The optimal value found for dimension 1 of parameter k1__length_scale is close to the specified upper bound 1000.0. Increasing the bound and calling fit again may find a better value.
  warnings.warn(
/home/dev/hyph-bench/.venv/lib/python3.13/site-packages/sklearn/gaussian_process/kernels.py:450: ConvergenceWarning: The optimal value found for dimension 4 of parameter k1__length_scale is close to the specified upper bound 1000.0. Increasing the bound and calling fit again may find a better value.
  warnings.warn(
/home/dev/hyph-bench/.venv/lib/python3.13/site-packages/sklearn/gaussian_process/kernels.py:450: ConvergenceWarning: The optimal value found for dimension 5 of parameter k1__length_scale is close to the specified upper bound 1000.0. Increasing the bound and calling fit again may find a better value.
  warnings.warn(
/home/dev/hyph-bench/.venv/lib/python3.13/site-packages/sklearn/gaussian_process/kernels.py:450: ConvergenceWarning: The optimal value found for dimension 2 of parameter k1__length_scale is close to the specified upper bound 1000.0. Increasing the bound and calling fit again may find a better value.
  warnings.warn(
/home/dev/hyph-bench/.venv/lib/python3.13/site-packages/sklearn/gaussian_process/kernels.py:450: ConvergenceWarning: The optimal value found for dimension 4 of parameter k1__length_scale is close to the specified upper bound 1000.0. Increasing the bound and calling fit again may find a better value.
  warnings.warn(
/home/dev/hyph-bench/.venv/lib/python3.13/site-packages/sklearn/gaussian_process/kernels.py:450: ConvergenceWarning: The optimal value found for dimension 5 of parameter k1__length_scale is close to the specified upper bound 1000.0. Increasing the bound and calling fit again may find a better value.
  warnings.warn(
/home/dev/hyph-bench/.venv/lib/python3.13/site-packages/sklearn/gaussian_process/kernels.py:450: ConvergenceWarning: The optimal value found for dimension 2 of parameter k1__length_scale is close to the specified upper bound 1000.0. Increasing the bound and calling fit again may find a better value.
  warnings.warn(
/home/dev/hyph-bench/.venv/lib/python3.13/site-packages/sklearn/gaussian_process/kernels.py:450: ConvergenceWarning: The optimal value found for dimension 4 of parameter k1__length_scale is close to the specified upper bound 1000.0. Increasing the bound and calling fit again may find a better value.
  warnings.warn(
/home/dev/hyph-bench/.venv/lib/python3.13/site-packages/sklearn/gaussian_process/kernels.py:450: ConvergenceWarning: The optimal value found for dimension 5 of parameter k1__length_scale is close to the specified upper bound 1000.0. Increasing the bound and calling fit again may find a better value.
  warnings.warn(
/home/dev/hyph-bench/.venv/lib/python3.13/site-packages/sklearn/gaussian_process/kernels.py:450: ConvergenceWarning: The optimal value found for dimension 1 of parameter k1__length_scale is close to the specified upper bound 1000.0. Increasing the bound and calling fit again may find a better value.
  warnings.warn(
/home/dev/hyph-bench/.venv/lib/python3.13/site-packages/sklearn/gaussian_process/kernels.py:450: ConvergenceWarning: The optimal value found for dimension 4 of parameter k1__length_scale is close to the specified upper bound 1000.0. Increasing the bound and calling fit again may find a better value.
  warnings.warn(
/home/dev/hyph-bench/.venv/lib/python3.13/site-packages/sklearn/gaussian_process/kernels.py:450: ConvergenceWarning: The optimal value found for dimension 5 of parameter k1__length_scale is close to the specified upper bound 1000.0. Increasing the bound and calling fit again may find a better value.
  warnings.warn(
/home/dev/hyph-bench/.venv/lib/python3.13/site-packages/sklearn/gaussian_process/kernels.py:450: ConvergenceWarning: The optimal value found for dimension 1 of parameter k1__length_scale is close to the specified upper bound 1000.0. Increasing the bound and calling fit again may find a better value.
  warnings.warn(
/home/dev/hyph-bench/.venv/lib/python3.13/site-packages/sklearn/gaussian_process/kernels.py:450: ConvergenceWarning: The optimal value found for dimension 4 of parameter k1__length_scale is close to the specified upper bound 1000.0. Increasing the bound and calling fit again may find a better value.
  warnings.warn(
/home/dev/hyph-bench/.venv/lib/python3.13/site-packages/sklearn/gaussian_process/kernels.py:450: ConvergenceWarning: The optimal value found for dimension 5 of parameter k1__length_scale is close to the specified upper bound 1000.0. Increasing the bound and calling fit again may find a better value.
  warnings.warn(
  Tested: params=(26, 25, 27, 2, 3, 1, 5, 1)
  validation: F_1/7=0.979242, precision=0.979183, recall=0.982150, good=177613, bad=3776, missed=3228, trie_nodes=43653, patterns=34399, objective=0.979206
  Tested: params=(18, 1, 2, 29, 4, 1, 5, 2)
  validation: F_1/7=0.978641, precision=0.978438, recall=0.988664, good=178791, bad=3940, missed=2050, trie_nodes=47479, patterns=44451, objective=0.978601
  Tested: params=(19, 30, 1, 14, 1, 5, 4, 4)
  validation: F_1/7=0.975866, precision=0.975592, recall=0.989510, good=178944, bad=4477, missed=1897, trie_nodes=37328, patterns=31586, objective=0.975835
  Tested: params=(21, 2, 30, 16, 2, 4, 3, 5)
  validation: F_1/7=0.977081, precision=0.976846, recall=0.988719, good=178801, bad=4238, missed=2040, trie_nodes=51601, patterns=39654, objective=0.977038
  Tested: params=(30, 4, 5, 1, 2, 4, 5, 3)
  validation: F_1/7=0.978999, precision=0.979217, recall=0.968431, good=175132, bad=3717, missed=5709, trie_nodes=37426, patterns=31925, objective=0.978968
  Best so far: params=(23, 1, 27, 2, 4, 4, 5, 2), score=0.981940, elapsed=2414.6s

============================================================
Round 24/30
/home/dev/hyph-bench/.venv/lib/python3.13/site-packages/sklearn/gaussian_process/kernels.py:450: ConvergenceWarning: The optimal value found for dimension 1 of parameter k1__length_scale is close to the specified upper bound 1000.0. Increasing the bound and calling fit again may find a better value.
  warnings.warn(
/home/dev/hyph-bench/.venv/lib/python3.13/site-packages/sklearn/gaussian_process/kernels.py:450: ConvergenceWarning: The optimal value found for dimension 4 of parameter k1__length_scale is close to the specified upper bound 1000.0. Increasing the bound and calling fit again may find a better value.
  warnings.warn(
/home/dev/hyph-bench/.venv/lib/python3.13/site-packages/sklearn/gaussian_process/kernels.py:450: ConvergenceWarning: The optimal value found for dimension 5 of parameter k1__length_scale is close to the specified upper bound 1000.0. Increasing the bound and calling fit again may find a better value.
  warnings.warn(
/home/dev/hyph-bench/.venv/lib/python3.13/site-packages/sklearn/gaussian_process/kernels.py:450: ConvergenceWarning: The optimal value found for dimension 1 of parameter k1__length_scale is close to the specified upper bound 1000.0. Increasing the bound and calling fit again may find a better value.
  warnings.warn(
/home/dev/hyph-bench/.venv/lib/python3.13/site-packages/sklearn/gaussian_process/kernels.py:450: ConvergenceWarning: The optimal value found for dimension 4 of parameter k1__length_scale is close to the specified upper bound 1000.0. Increasing the bound and calling fit again may find a better value.
  warnings.warn(
/home/dev/hyph-bench/.venv/lib/python3.13/site-packages/sklearn/gaussian_process/kernels.py:450: ConvergenceWarning: The optimal value found for dimension 5 of parameter k1__length_scale is close to the specified upper bound 1000.0. Increasing the bound and calling fit again may find a better value.
  warnings.warn(
/home/dev/hyph-bench/.venv/lib/python3.13/site-packages/sklearn/gaussian_process/kernels.py:450: ConvergenceWarning: The optimal value found for dimension 1 of parameter k1__length_scale is close to the specified upper bound 1000.0. Increasing the bound and calling fit again may find a better value.
  warnings.warn(
/home/dev/hyph-bench/.venv/lib/python3.13/site-packages/sklearn/gaussian_process/kernels.py:450: ConvergenceWarning: The optimal value found for dimension 4 of parameter k1__length_scale is close to the specified upper bound 1000.0. Increasing the bound and calling fit again may find a better value.
  warnings.warn(
/home/dev/hyph-bench/.venv/lib/python3.13/site-packages/sklearn/gaussian_process/kernels.py:450: ConvergenceWarning: The optimal value found for dimension 5 of parameter k1__length_scale is close to the specified upper bound 1000.0. Increasing the bound and calling fit again may find a better value.
  warnings.warn(
/home/dev/hyph-bench/.venv/lib/python3.13/site-packages/sklearn/gaussian_process/kernels.py:450: ConvergenceWarning: The optimal value found for dimension 1 of parameter k1__length_scale is close to the specified upper bound 1000.0. Increasing the bound and calling fit again may find a better value.
  warnings.warn(
/home/dev/hyph-bench/.venv/lib/python3.13/site-packages/sklearn/gaussian_process/kernels.py:450: ConvergenceWarning: The optimal value found for dimension 4 of parameter k1__length_scale is close to the specified upper bound 1000.0. Increasing the bound and calling fit again may find a better value.
  warnings.warn(
/home/dev/hyph-bench/.venv/lib/python3.13/site-packages/sklearn/gaussian_process/kernels.py:450: ConvergenceWarning: The optimal value found for dimension 5 of parameter k1__length_scale is close to the specified upper bound 1000.0. Increasing the bound and calling fit again may find a better value.
  warnings.warn(
/home/dev/hyph-bench/.venv/lib/python3.13/site-packages/sklearn/gaussian_process/kernels.py:450: ConvergenceWarning: The optimal value found for dimension 1 of parameter k1__length_scale is close to the specified upper bound 1000.0. Increasing the bound and calling fit again may find a better value.
  warnings.warn(
/home/dev/hyph-bench/.venv/lib/python3.13/site-packages/sklearn/gaussian_process/kernels.py:450: ConvergenceWarning: The optimal value found for dimension 4 of parameter k1__length_scale is close to the specified upper bound 1000.0. Increasing the bound and calling fit again may find a better value.
  warnings.warn(
/home/dev/hyph-bench/.venv/lib/python3.13/site-packages/sklearn/gaussian_process/kernels.py:450: ConvergenceWarning: The optimal value found for dimension 5 of parameter k1__length_scale is close to the specified upper bound 1000.0. Increasing the bound and calling fit again may find a better value.
  warnings.warn(
  Tested: params=(27, 18, 24, 1, 1, 1, 5, 1)
  validation: F_1/7=0.980958, precision=0.981039, recall=0.977041, good=176689, bad=3415, missed=4152, trie_nodes=42567, patterns=33796, objective=0.980923
  Tested: params=(21, 3, 1, 23, 4, 5, 1, 4)
  validation: F_1/7=0.974137, precision=0.973806, recall=0.990660, good=179152, bad=4819, missed=1689, trie_nodes=40169, patterns=36703, objective=0.974104
  Tested: params=(18, 28, 17, 28, 5, 2, 5, 5)
  validation: F_1/7=0.978239, precision=0.978048, recall=0.987691, good=178615, bad=4009, missed=2226, trie_nodes=39153, patterns=30116, objective=0.978206
  Tested: params=(22, 29, 3, 5, 1, 4, 3, 5)
  validation: F_1/7=0.977999, precision=0.977795, recall=0.988117, good=178692, bad=4058, missed=2149, trie_nodes=39371, patterns=31951, objective=0.977967
  Tested: params=(17, 2, 29, 15, 3, 5, 3, 1)
  validation: F_1/7=0.977588, precision=0.977372, recall=0.988321, good=178729, bad=4138, missed=2112, trie_nodes=52481, patterns=42239, objective=0.977545
  Best so far: params=(23, 1, 27, 2, 4, 4, 5, 2), score=0.981940, elapsed=2536.3s

============================================================
Round 25/30
/home/dev/hyph-bench/.venv/lib/python3.13/site-packages/sklearn/gaussian_process/kernels.py:450: ConvergenceWarning: The optimal value found for dimension 1 of parameter k1__length_scale is close to the specified upper bound 1000.0. Increasing the bound and calling fit again may find a better value.
  warnings.warn(
/home/dev/hyph-bench/.venv/lib/python3.13/site-packages/sklearn/gaussian_process/kernels.py:450: ConvergenceWarning: The optimal value found for dimension 4 of parameter k1__length_scale is close to the specified upper bound 1000.0. Increasing the bound and calling fit again may find a better value.
  warnings.warn(
/home/dev/hyph-bench/.venv/lib/python3.13/site-packages/sklearn/gaussian_process/kernels.py:450: ConvergenceWarning: The optimal value found for dimension 5 of parameter k1__length_scale is close to the specified upper bound 1000.0. Increasing the bound and calling fit again may find a better value.
  warnings.warn(
/home/dev/hyph-bench/.venv/lib/python3.13/site-packages/sklearn/gaussian_process/kernels.py:450: ConvergenceWarning: The optimal value found for dimension 1 of parameter k1__length_scale is close to the specified upper bound 1000.0. Increasing the bound and calling fit again may find a better value.
  warnings.warn(
/home/dev/hyph-bench/.venv/lib/python3.13/site-packages/sklearn/gaussian_process/kernels.py:450: ConvergenceWarning: The optimal value found for dimension 4 of parameter k1__length_scale is close to the specified upper bound 1000.0. Increasing the bound and calling fit again may find a better value.
  warnings.warn(
/home/dev/hyph-bench/.venv/lib/python3.13/site-packages/sklearn/gaussian_process/kernels.py:450: ConvergenceWarning: The optimal value found for dimension 5 of parameter k1__length_scale is close to the specified upper bound 1000.0. Increasing the bound and calling fit again may find a better value.
  warnings.warn(
/home/dev/hyph-bench/.venv/lib/python3.13/site-packages/sklearn/gaussian_process/kernels.py:450: ConvergenceWarning: The optimal value found for dimension 1 of parameter k1__length_scale is close to the specified upper bound 1000.0. Increasing the bound and calling fit again may find a better value.
  warnings.warn(
/home/dev/hyph-bench/.venv/lib/python3.13/site-packages/sklearn/gaussian_process/kernels.py:450: ConvergenceWarning: The optimal value found for dimension 4 of parameter k1__length_scale is close to the specified upper bound 1000.0. Increasing the bound and calling fit again may find a better value.
  warnings.warn(
/home/dev/hyph-bench/.venv/lib/python3.13/site-packages/sklearn/gaussian_process/kernels.py:450: ConvergenceWarning: The optimal value found for dimension 5 of parameter k1__length_scale is close to the specified upper bound 1000.0. Increasing the bound and calling fit again may find a better value.
  warnings.warn(
/home/dev/hyph-bench/.venv/lib/python3.13/site-packages/sklearn/gaussian_process/kernels.py:450: ConvergenceWarning: The optimal value found for dimension 1 of parameter k1__length_scale is close to the specified upper bound 1000.0. Increasing the bound and calling fit again may find a better value.
  warnings.warn(
/home/dev/hyph-bench/.venv/lib/python3.13/site-packages/sklearn/gaussian_process/kernels.py:450: ConvergenceWarning: The optimal value found for dimension 4 of parameter k1__length_scale is close to the specified upper bound 1000.0. Increasing the bound and calling fit again may find a better value.
  warnings.warn(
/home/dev/hyph-bench/.venv/lib/python3.13/site-packages/sklearn/gaussian_process/kernels.py:450: ConvergenceWarning: The optimal value found for dimension 5 of parameter k1__length_scale is close to the specified upper bound 1000.0. Increasing the bound and calling fit again may find a better value.
  warnings.warn(
/home/dev/hyph-bench/.venv/lib/python3.13/site-packages/sklearn/gaussian_process/kernels.py:450: ConvergenceWarning: The optimal value found for dimension 1 of parameter k1__length_scale is close to the specified upper bound 1000.0. Increasing the bound and calling fit again may find a better value.
  warnings.warn(
/home/dev/hyph-bench/.venv/lib/python3.13/site-packages/sklearn/gaussian_process/kernels.py:450: ConvergenceWarning: The optimal value found for dimension 4 of parameter k1__length_scale is close to the specified upper bound 1000.0. Increasing the bound and calling fit again may find a better value.
  warnings.warn(
/home/dev/hyph-bench/.venv/lib/python3.13/site-packages/sklearn/gaussian_process/kernels.py:450: ConvergenceWarning: The optimal value found for dimension 5 of parameter k1__length_scale is close to the specified upper bound 1000.0. Increasing the bound and calling fit again may find a better value.
  warnings.warn(
  Tested: params=(21, 17, 23, 1, 2, 5, 5, 1)
  validation: F_1/7=0.981407, precision=0.981534, recall=0.975232, good=176362, bad=3318, missed=4479, trie_nodes=39410, patterns=31170, objective=0.981374
  Tested: params=(18, 2, 3, 26, 5, 3, 5, 2)
  validation: F_1/7=0.979435, precision=0.979245, recall=0.988819, good=178819, bad=3790, missed=2022, trie_nodes=41732, patterns=37261, objective=0.979400
  Tested: params=(18, 29, 30, 27, 1, 1, 2, 2)
  validation: F_1/7=0.976664, precision=0.976428, recall=0.988382, good=178740, bad=4315, missed=2101, trie_nodes=51587, patterns=42350, objective=0.976621
  Tested: params=(30, 27, 3, 9, 4, 2, 5, 5)
  validation: F_1/7=0.977386, precision=0.977159, recall=0.988631, good=178785, bad=4179, missed=2056, trie_nodes=36588, patterns=30212, objective=0.977356
  Tested: params=(27, 1, 29, 19, 4, 4, 5, 5)
  validation: F_1/7=0.980310, precision=0.980208, recall=0.985346, good=178191, bad=3598, missed=2650, trie_nodes=39464, patterns=29568, objective=0.980277
  Best so far: params=(23, 1, 27, 2, 4, 4, 5, 2), score=0.981940, elapsed=2650.7s

============================================================
Round 26/30
/home/dev/hyph-bench/.venv/lib/python3.13/site-packages/sklearn/gaussian_process/kernels.py:450: ConvergenceWarning: The optimal value found for dimension 1 of parameter k1__length_scale is close to the specified upper bound 1000.0. Increasing the bound and calling fit again may find a better value.
  warnings.warn(
/home/dev/hyph-bench/.venv/lib/python3.13/site-packages/sklearn/gaussian_process/kernels.py:450: ConvergenceWarning: The optimal value found for dimension 5 of parameter k1__length_scale is close to the specified upper bound 1000.0. Increasing the bound and calling fit again may find a better value.
  warnings.warn(
/home/dev/hyph-bench/.venv/lib/python3.13/site-packages/sklearn/gaussian_process/kernels.py:450: ConvergenceWarning: The optimal value found for dimension 1 of parameter k1__length_scale is close to the specified upper bound 1000.0. Increasing the bound and calling fit again may find a better value.
  warnings.warn(
/home/dev/hyph-bench/.venv/lib/python3.13/site-packages/sklearn/gaussian_process/kernels.py:450: ConvergenceWarning: The optimal value found for dimension 5 of parameter k1__length_scale is close to the specified upper bound 1000.0. Increasing the bound and calling fit again may find a better value.
  warnings.warn(
/home/dev/hyph-bench/.venv/lib/python3.13/site-packages/sklearn/gaussian_process/kernels.py:450: ConvergenceWarning: The optimal value found for dimension 1 of parameter k1__length_scale is close to the specified upper bound 1000.0. Increasing the bound and calling fit again may find a better value.
  warnings.warn(
/home/dev/hyph-bench/.venv/lib/python3.13/site-packages/sklearn/gaussian_process/kernels.py:450: ConvergenceWarning: The optimal value found for dimension 5 of parameter k1__length_scale is close to the specified upper bound 1000.0. Increasing the bound and calling fit again may find a better value.
  warnings.warn(
/home/dev/hyph-bench/.venv/lib/python3.13/site-packages/sklearn/gaussian_process/kernels.py:450: ConvergenceWarning: The optimal value found for dimension 1 of parameter k1__length_scale is close to the specified upper bound 1000.0. Increasing the bound and calling fit again may find a better value.
  warnings.warn(
/home/dev/hyph-bench/.venv/lib/python3.13/site-packages/sklearn/gaussian_process/kernels.py:450: ConvergenceWarning: The optimal value found for dimension 4 of parameter k1__length_scale is close to the specified upper bound 1000.0. Increasing the bound and calling fit again may find a better value.
  warnings.warn(
/home/dev/hyph-bench/.venv/lib/python3.13/site-packages/sklearn/gaussian_process/kernels.py:450: ConvergenceWarning: The optimal value found for dimension 5 of parameter k1__length_scale is close to the specified upper bound 1000.0. Increasing the bound and calling fit again may find a better value.
  warnings.warn(
/home/dev/hyph-bench/.venv/lib/python3.13/site-packages/sklearn/gaussian_process/kernels.py:450: ConvergenceWarning: The optimal value found for dimension 5 of parameter k1__length_scale is close to the specified upper bound 1000.0. Increasing the bound and calling fit again may find a better value.
  warnings.warn(
  Tested: params=(22, 2, 28, 2, 5, 5, 5, 2)
  validation: F_1/7=0.981659, precision=0.981599, recall=0.984627, good=178061, bad=3338, missed=2780, trie_nodes=40511, patterns=30357, objective=0.981625
  Tested: params=(30, 29, 4, 15, 2, 1, 1, 1)
  validation: F_1/7=0.977000, precision=0.976743, recall=0.989776, good=178992, bad=4262, missed=1849, trie_nodes=49802, patterns=43646, objective=0.976959
  Tested: params=(16, 27, 27, 30, 1, 4, 5, 1)
  validation: F_1/7=0.978756, precision=0.978584, recall=0.987221, good=178530, bad=3907, missed=2311, trie_nodes=44212, patterns=33933, objective=0.978719
  Tested: params=(21, 3, 2, 30, 4, 2, 5, 3)
  validation: F_1/7=0.977854, precision=0.977633, recall=0.988797, good=178815, bad=4091, missed=2026, trie_nodes=44141, patterns=39413, objective=0.977818
  Tested: params=(17, 20, 10, 2, 2, 2, 5, 5)
  validation: F_1/7=0.978846, precision=0.978742, recall=0.983991, good=177946, bad=3865, missed=2895, trie_nodes=37676, patterns=31044, objective=0.978815
  Best so far: params=(23, 1, 27, 2, 4, 4, 5, 2), score=0.981940, elapsed=2763.9s

============================================================
Round 27/30
/home/dev/hyph-bench/.venv/lib/python3.13/site-packages/sklearn/gaussian_process/kernels.py:450: ConvergenceWarning: The optimal value found for dimension 1 of parameter k1__length_scale is close to the specified upper bound 1000.0. Increasing the bound and calling fit again may find a better value.
  warnings.warn(
/home/dev/hyph-bench/.venv/lib/python3.13/site-packages/sklearn/gaussian_process/kernels.py:450: ConvergenceWarning: The optimal value found for dimension 4 of parameter k1__length_scale is close to the specified upper bound 1000.0. Increasing the bound and calling fit again may find a better value.
  warnings.warn(
/home/dev/hyph-bench/.venv/lib/python3.13/site-packages/sklearn/gaussian_process/kernels.py:450: ConvergenceWarning: The optimal value found for dimension 5 of parameter k1__length_scale is close to the specified upper bound 1000.0. Increasing the bound and calling fit again may find a better value.
  warnings.warn(
/home/dev/hyph-bench/.venv/lib/python3.13/site-packages/sklearn/gaussian_process/kernels.py:450: ConvergenceWarning: The optimal value found for dimension 4 of parameter k1__length_scale is close to the specified upper bound 1000.0. Increasing the bound and calling fit again may find a better value.
  warnings.warn(
/home/dev/hyph-bench/.venv/lib/python3.13/site-packages/sklearn/gaussian_process/kernels.py:450: ConvergenceWarning: The optimal value found for dimension 5 of parameter k1__length_scale is close to the specified upper bound 1000.0. Increasing the bound and calling fit again may find a better value.
  warnings.warn(
/home/dev/hyph-bench/.venv/lib/python3.13/site-packages/sklearn/gaussian_process/kernels.py:450: ConvergenceWarning: The optimal value found for dimension 4 of parameter k1__length_scale is close to the specified upper bound 1000.0. Increasing the bound and calling fit again may find a better value.
  warnings.warn(
/home/dev/hyph-bench/.venv/lib/python3.13/site-packages/sklearn/gaussian_process/kernels.py:450: ConvergenceWarning: The optimal value found for dimension 5 of parameter k1__length_scale is close to the specified upper bound 1000.0. Increasing the bound and calling fit again may find a better value.
  warnings.warn(
/home/dev/hyph-bench/.venv/lib/python3.13/site-packages/sklearn/gaussian_process/kernels.py:450: ConvergenceWarning: The optimal value found for dimension 4 of parameter k1__length_scale is close to the specified upper bound 1000.0. Increasing the bound and calling fit again may find a better value.
  warnings.warn(
/home/dev/hyph-bench/.venv/lib/python3.13/site-packages/sklearn/gaussian_process/kernels.py:450: ConvergenceWarning: The optimal value found for dimension 1 of parameter k1__length_scale is close to the specified upper bound 1000.0. Increasing the bound and calling fit again may find a better value.
  warnings.warn(
/home/dev/hyph-bench/.venv/lib/python3.13/site-packages/sklearn/gaussian_process/kernels.py:450: ConvergenceWarning: The optimal value found for dimension 4 of parameter k1__length_scale is close to the specified upper bound 1000.0. Increasing the bound and calling fit again may find a better value.
  warnings.warn(
/home/dev/hyph-bench/.venv/lib/python3.13/site-packages/sklearn/gaussian_process/kernels.py:450: ConvergenceWarning: The optimal value found for dimension 5 of parameter k1__length_scale is close to the specified upper bound 1000.0. Increasing the bound and calling fit again may find a better value.
  warnings.warn(
  Tested: params=(22, 3, 22, 6, 2, 1, 5, 1)
  validation: F_1/7=0.980686, precision=0.980580, recall=0.985905, good=178292, bad=3531, missed=2549, trie_nodes=43370, patterns=34042, objective=0.980650
  Tested: params=(21, 28, 1, 29, 4, 2, 4, 2)
  validation: F_1/7=0.978000, precision=0.977780, recall=0.988907, good=178835, bad=4064, missed=2006, trie_nodes=49788, patterns=43517, objective=0.977959
  Tested: params=(30, 17, 4, 2, 5, 5, 1, 3)
  validation: F_1/7=0.978898, precision=0.978925, recall=0.977588, good=176788, bad=3806, missed=4053, trie_nodes=41797, patterns=36541, objective=0.978864
  Tested: params=(28, 29, 29, 13, 4, 5, 4, 2)
  validation: F_1/7=0.979334, precision=0.979193, recall=0.986275, good=178359, bad=3790, missed=2482, trie_nodes=43262, patterns=31557, objective=0.979298
  Tested: params=(21, 16, 29, 29, 1, 1, 3, 4)
  validation: F_1/7=0.976771, precision=0.976526, recall=0.988930, good=178839, bad=4299, missed=2002, trie_nodes=49596, patterns=39603, objective=0.976730
  Best so far: params=(23, 1, 27, 2, 4, 4, 5, 2), score=0.981940, elapsed=2876.2s

============================================================
Round 28/30
/home/dev/hyph-bench/.venv/lib/python3.13/site-packages/sklearn/gaussian_process/kernels.py:450: ConvergenceWarning: The optimal value found for dimension 4 of parameter k1__length_scale is close to the specified upper bound 1000.0. Increasing the bound and calling fit again may find a better value.
  warnings.warn(
/home/dev/hyph-bench/.venv/lib/python3.13/site-packages/sklearn/gaussian_process/kernels.py:450: ConvergenceWarning: The optimal value found for dimension 1 of parameter k1__length_scale is close to the specified upper bound 1000.0. Increasing the bound and calling fit again may find a better value.
  warnings.warn(
/home/dev/hyph-bench/.venv/lib/python3.13/site-packages/sklearn/gaussian_process/kernels.py:450: ConvergenceWarning: The optimal value found for dimension 4 of parameter k1__length_scale is close to the specified upper bound 1000.0. Increasing the bound and calling fit again may find a better value.
  warnings.warn(
/home/dev/hyph-bench/.venv/lib/python3.13/site-packages/sklearn/gaussian_process/kernels.py:450: ConvergenceWarning: The optimal value found for dimension 1 of parameter k1__length_scale is close to the specified upper bound 1000.0. Increasing the bound and calling fit again may find a better value.
  warnings.warn(
/home/dev/hyph-bench/.venv/lib/python3.13/site-packages/sklearn/gaussian_process/kernels.py:450: ConvergenceWarning: The optimal value found for dimension 4 of parameter k1__length_scale is close to the specified upper bound 1000.0. Increasing the bound and calling fit again may find a better value.
  warnings.warn(
  Tested: params=(27, 4, 15, 1, 1, 4, 4, 1)
  validation: F_1/7=0.979423, precision=0.979450, recall=0.978080, good=176877, bad=3711, missed=3964, trie_nodes=40141, patterns=32083, objective=0.979390
  Tested: params=(18, 30, 28, 27, 3, 1, 3, 2)
  validation: F_1/7=0.976647, precision=0.976411, recall=0.988354, good=178735, bad=4318, missed=2106, trie_nodes=51556, patterns=42363, objective=0.976605
  Tested: params=(21, 24, 1, 9, 4, 1, 5, 5)
  validation: F_1/7=0.977121, precision=0.976951, recall=0.985556, good=178229, bad=4205, missed=2612, trie_nodes=36800, patterns=32089, objective=0.977091
  Tested: params=(18, 8, 8, 29, 2, 5, 3, 1)
  validation: F_1/7=0.977643, precision=0.977401, recall=0.989643, good=178968, bad=4138, missed=1873, trie_nodes=47737, patterns=39762, objective=0.977603
  Tested: params=(16, 15, 30, 6, 1, 2, 5, 5)
  validation: F_1/7=0.978544, precision=0.978382, recall=0.986552, good=178409, bad=3942, missed=2432, trie_nodes=39463, patterns=31673, objective=0.978512
  Best so far: params=(23, 1, 27, 2, 4, 4, 5, 2), score=0.981940, elapsed=2997.3s

============================================================
Round 29/30
/home/dev/hyph-bench/.venv/lib/python3.13/site-packages/sklearn/gaussian_process/kernels.py:450: ConvergenceWarning: The optimal value found for dimension 4 of parameter k1__length_scale is close to the specified upper bound 1000.0. Increasing the bound and calling fit again may find a better value.
  warnings.warn(
/home/dev/hyph-bench/.venv/lib/python3.13/site-packages/sklearn/gaussian_process/kernels.py:450: ConvergenceWarning: The optimal value found for dimension 4 of parameter k1__length_scale is close to the specified upper bound 1000.0. Increasing the bound and calling fit again may find a better value.
  warnings.warn(
/home/dev/hyph-bench/.venv/lib/python3.13/site-packages/sklearn/gaussian_process/kernels.py:450: ConvergenceWarning: The optimal value found for dimension 4 of parameter k1__length_scale is close to the specified upper bound 1000.0. Increasing the bound and calling fit again may find a better value.
  warnings.warn(
/home/dev/hyph-bench/.venv/lib/python3.13/site-packages/sklearn/gaussian_process/kernels.py:450: ConvergenceWarning: The optimal value found for dimension 4 of parameter k1__length_scale is close to the specified upper bound 1000.0. Increasing the bound and calling fit again may find a better value.
  warnings.warn(
/home/dev/hyph-bench/.venv/lib/python3.13/site-packages/sklearn/gaussian_process/kernels.py:450: ConvergenceWarning: The optimal value found for dimension 5 of parameter k1__length_scale is close to the specified upper bound 1000.0. Increasing the bound and calling fit again may find a better value.
  warnings.warn(
  Tested: params=(21, 6, 3, 1, 4, 4, 5, 1)
  validation: F_1/7=0.981967, precision=0.982703, recall=0.947191, good=171291, bad=3015, missed=9550, trie_nodes=31237, patterns=27431, objective=0.981941
  Tested: params=(19, 29, 28, 30, 4, 5, 2, 1)
  validation: F_1/7=0.977775, precision=0.977555, recall=0.988653, good=178789, bad=4105, missed=2052, trie_nodes=50604, patterns=40067, objective=0.977733
  Tested: params=(30, 2, 29, 19, 3, 3, 5, 5)
  validation: F_1/7=0.978364, precision=0.978212, recall=0.985861, good=178284, bad=3971, missed=2557, trie_nodes=42998, patterns=33427, objective=0.978328
  Tested: params=(27, 26, 20, 3, 2, 3, 1, 4)
  validation: F_1/7=0.975932, precision=0.975701, recall=0.987403, good=178563, bad=4447, missed=2278, trie_nodes=49285, patterns=39350, objective=0.975891
  Tested: params=(19, 8, 13, 29, 2, 1, 5, 4)
  validation: F_1/7=0.978660, precision=0.978475, recall=0.987857, good=178645, bad=3930, missed=2196, trie_nodes=38939, patterns=31312, objective=0.978628
  Best so far: params=(21, 6, 3, 1, 4, 4, 5, 1), score=0.981941, elapsed=3115.1s

============================================================
Round 30/30
/home/dev/hyph-bench/.venv/lib/python3.13/site-packages/sklearn/gaussian_process/kernels.py:450: ConvergenceWarning: The optimal value found for dimension 4 of parameter k1__length_scale is close to the specified upper bound 1000.0. Increasing the bound and calling fit again may find a better value.
  warnings.warn(
/home/dev/hyph-bench/.venv/lib/python3.13/site-packages/sklearn/gaussian_process/kernels.py:450: ConvergenceWarning: The optimal value found for dimension 4 of parameter k1__length_scale is close to the specified upper bound 1000.0. Increasing the bound and calling fit again may find a better value.
  warnings.warn(
/home/dev/hyph-bench/.venv/lib/python3.13/site-packages/sklearn/gaussian_process/kernels.py:450: ConvergenceWarning: The optimal value found for dimension 4 of parameter k1__length_scale is close to the specified upper bound 1000.0. Increasing the bound and calling fit again may find a better value.
  warnings.warn(
/home/dev/hyph-bench/.venv/lib/python3.13/site-packages/sklearn/gaussian_process/kernels.py:450: ConvergenceWarning: The optimal value found for dimension 4 of parameter k1__length_scale is close to the specified upper bound 1000.0. Increasing the bound and calling fit again may find a better value.
  warnings.warn(
/home/dev/hyph-bench/.venv/lib/python3.13/site-packages/sklearn/gaussian_process/kernels.py:450: ConvergenceWarning: The optimal value found for dimension 4 of parameter k1__length_scale is close to the specified upper bound 1000.0. Increasing the bound and calling fit again may find a better value.
  warnings.warn(
/home/dev/hyph-bench/.venv/lib/python3.13/site-packages/sklearn/gaussian_process/kernels.py:450: ConvergenceWarning: The optimal value found for dimension 5 of parameter k1__length_scale is close to the specified upper bound 1000.0. Increasing the bound and calling fit again may find a better value.
  warnings.warn(
  Tested: params=(20, 2, 15, 10, 1, 5, 5, 1)
  validation: F_1/7=0.981140, precision=0.981032, recall=0.986430, good=178387, bad=3449, missed=2454, trie_nodes=41631, patterns=32915, objective=0.981105
  Tested: params=(27, 28, 4, 27, 2, 1, 4, 4)
  validation: F_1/7=0.975642, precision=0.975346, recall=0.990351, good=179096, bad=4527, missed=1745, trie_nodes=39977, patterns=33306, objective=0.975609
  Tested: params=(23, 26, 30, 1, 5, 1, 1, 5)
  validation: F_1/7=0.978475, precision=0.978424, recall=0.980972, good=177400, bad=3912, missed=3441, trie_nodes=48424, patterns=38598, objective=0.978435
  Tested: params=(28, 11, 29, 25, 5, 3, 5, 1)
  validation: F_1/7=0.979134, precision=0.978994, recall=0.986021, good=178313, bad=3826, missed=2528, trie_nodes=43903, patterns=32239, objective=0.979097
  Tested: params=(15, 30, 1, 1, 1, 4, 3, 1)
  validation: F_1/7=0.978092, precision=0.980026, recall=0.891839, good=161281, bad=3287, missed=19560, trie_nodes=32196, patterns=28929, objective=0.978066
  Best so far: params=(21, 6, 3, 1, 4, 4, 5, 1), score=0.981941, elapsed=3229.2s

============================================================
Final phase: 3 evaluations
/home/dev/hyph-bench/.venv/lib/python3.13/site-packages/sklearn/gaussian_process/kernels.py:450: ConvergenceWarning: The optimal value found for dimension 4 of parameter k1__length_scale is close to the specified upper bound 1000.0. Increasing the bound and calling fit again may find a better value.
  warnings.warn(
/home/dev/hyph-bench/.venv/lib/python3.13/site-packages/sklearn/gaussian_process/kernels.py:450: ConvergenceWarning: The optimal value found for dimension 5 of parameter k1__length_scale is close to the specified upper bound 1000.0. Increasing the bound and calling fit again may find a better value.
  warnings.warn(
/home/dev/hyph-bench/.venv/lib/python3.13/site-packages/sklearn/gaussian_process/kernels.py:450: ConvergenceWarning: The optimal value found for dimension 4 of parameter k1__length_scale is close to the specified upper bound 1000.0. Increasing the bound and calling fit again may find a better value.
  warnings.warn(
/home/dev/hyph-bench/.venv/lib/python3.13/site-packages/sklearn/gaussian_process/kernels.py:450: ConvergenceWarning: The optimal value found for dimension 4 of parameter k1__length_scale is close to the specified upper bound 1000.0. Increasing the bound and calling fit again may find a better value.
  warnings.warn(
  Tested: params=(22, 4, 7, 4, 4, 2, 5, 1)
  validation: F_1/7=0.980804, precision=0.980708, recall=0.985534, good=178225, bad=3506, missed=2616, trie_nodes=39176, patterns=32082, objective=0.980771
  Tested: params=(22, 15, 8, 2, 3, 1, 5, 1)
  validation: F_1/7=0.980806, precision=0.980800, recall=0.981066, good=177417, bad=3473, missed=3424, trie_nodes=40431, patterns=33972, objective=0.980772
  Tested: params=(21, 13, 23, 1, 1, 3, 5, 1)
  validation: F_1/7=0.981027, precision=0.981104, recall=0.977301, good=176736, bad=3404, missed=4105, trie_nodes=41203, patterns=33086, objective=0.980993

============================================================
Threshold ablation run complete
Best parameters (b1..b4 thr1..thr4): (21, 6, 3, 1, 4, 4, 5, 1)
Thresholds: {'mode': 'perlayer', 'shared': None, 'per_level': [4, 4, 5, 1]}
  validation-selected: F_1/7=0.981967, precision=0.982703, recall=0.947191, good=171291, bad=3015, missed=9550, trie_nodes=31237, patterns=27431, objective=0.981941
  held-out test: F_1/7=0.981945, precision=0.982683, recall=0.947081, good=171487, bad=3022, missed=9582, trie_nodes=31237, patterns=27431
Summary: results/threshold_ablation/de/wortliste/perlayer_gp/summary.json
History: results/threshold_ablation/de/wortliste/perlayer_gp/history.csv
Wall time: 3334.0s
